Name,Class,Probability
abeta39_A2G,AMY,0.958
abeta39_A2T,AMY,0.964
abeta39_A2V,AMY,0.962
abeta39_E3*,AMY,0.964
abeta39_E3G,AMY,0.973
abeta39_E3K,AMY,0.971
abeta39_E3Q,AMY,0.970
abeta39_F4I,AMY,0.966
abeta39_R5*,AMY,0.956
abeta39_R5L,AMY,0.961
abeta39_R5P,AMY,0.957
abeta39_R5Q,AMY,0.956
abeta39_H6Q,AMY,0.951
abeta39_H6R,AMY,0.952
abeta39_D7E,AMY,0.942
abeta39_D7H,AMY,0.964
abeta39_D7N,AMY,0.961
abeta39_G9A,AMY,0.969
abeta39_G9E,AMY,0.958
abeta39_G9V,AMY,0.958
abeta39_E11K,AMY,0.968
abeta39_V12I,AMY,0.968
abeta39_H13L,AMY,0.959
abeta39_H13P,AMY,0.964
abeta39_H14R,AMY,0.965
abeta39_Q15E,AMY,0.968
abeta39_K16N,AMY,0.971
abeta39_K16R,AMY,0.965
abeta39_L17V,AMY,0.969
abeta39_V18M,AMY,0.959
abeta39_F19L,AMY,0.969
abeta39_F20L,AMY,0.959
abeta39_A21G,AMY,0.958
abeta39_A21S,AMY,0.969
abeta39_A21T,AMY,0.966
abeta39_E22D,AMY,0.956
abeta39_E22G,AMY,0.968
abeta39_E22K,AMY,0.952
abeta39_E22Q,AMY,0.971
abeta39_D23N,AMY,0.962
abeta39_V24A,AMY,0.970
abeta39_V24G,AMY,0.961
abeta39_V24M,AMY,0.962
abeta39_G25D,AMY,0.951
abeta39_G25S,AMY,0.972
abeta39_K28R,AMY,0.966
abeta39_A30V,AMY,0.965
abeta39_I31M,AMY,0.966
abeta39_I31V,AMY,0.957
abeta39_I32V,AMY,0.963
abeta39_G33R,AMY,0.969
abeta39_L34V,AMY,0.962
abeta39_M35T,AMY,0.953
abeta39_V36M,AMY,0.964
abeta39_G38C,AMY,0.971
abeta39_G38S,AMY,0.973
abeta39_G38V,AMY,0.965
abeta39_V39I,AMY,0.971
abeta39_WT,AMY,0.969
