Query_name;Sequence_length;Average_protein_prediction;AR_position;Amino_acids_score
abeta39_WT;39;0.7428247740328281;[[1, 39]];[{'D': 0.5757434529386429}, {'A': 0.5714752865619754}, {'E': 0.5690370494807481}, {'F': 0.5697754253472932}, {'R': 0.5775543941930966}, {'H': 0.5923357210083534}, {'D': 0.6034690752531916}, {'S': 0.6165923145439365}, {'G': 0.6210728305123036}, {'Y': 0.6246106362773028}, {'E': 0.6278884110959054}, {'V': 0.6354010906874907}, {'H': 0.6423060240507754}, {'H': 0.648819366725447}, {'Q': 0.6544753537883666}, {'K': 0.6653274532245452}, {'L': 0.6804531441919589}, {'V': 0.6969301129312319}, {'F': 0.7139856300175096}, {'F': 0.7282966156595914}, {'A': 0.7365882542140937}, {'E': 0.7452295807804761}, {'D': 0.753668854862927}, {'V': 0.7684107874683943}, {'G': 0.7830657203224324}, {'S': 0.7918085461110397}, {'N': 0.7974830061045867}, {'K': 0.8035094879124527}, {'G': 0.8098746394048413}, {'A': 0.8174961860784015}, {'I': 0.8262707684780772}, {'I': 0.8302930539507727}, {'G': 0.8330041893141135}, {'L': 0.833867669326283}, {'M': 0.8359741923500319}, {'V': 0.8473135070869977}, {'G': 0.8631216430433439}, {'G': 0.877160414157059}, {'V': 0.8762748809728681}]
abeta39_A2G;39;0.726461052929174;[[1, 39]];[{'D': 0.5426411230661788}, {'G': 0.5458940134974809}, {'E': 0.5519051890882612}, {'F': 0.556472111708409}, {'R': 0.5667626008509676}, {'H': 0.5832959528802183}, {'D': 0.5956248252948476}, {'S': 0.609644703212936}, {'G': 0.6148350333162663}, {'Y': 0.6190152616047472}, {'E': 0.6228440768569405}, {'V': 0.6307771176351062}, {'H': 0.6380807630882921}, {'H': 0.644935858982879}, {'Q': 0.6508507465619697}, {'K': 0.6639096679896459}, {'L': 0.6802393733741613}, {'V': 0.6967318777833322}, {'F': 0.7139085730948149}, {'F': 0.7282692728805708}, {'A': 0.7365795542389506}, {'E': 0.7452842663385174}, {'D': 0.7537869259541524}, {'V': 0.7685847869712529}, {'G': 0.7832459340932502}, {'S': 0.7919683415728486}, {'N': 0.797655093524996}, {'K': 0.8036493089415355}, {'G': 0.8099763274259925}, {'A': 0.8176080429016677}, {'I': 0.826395053837262}, {'I': 0.8304328749798555}, {'G': 0.8331639847759222}, {'L': 0.8340540973650601}, {'M': 0.8361979059965645}, {'V': 0.8475931491451633}, {'G': 0.8634012851015095}, {'G': 0.8774400562152247}, {'V': 0.8765545230310336}]
abeta39_A2T;39;0.7365048635182869;[[1, 39]];[{'D': 0.5509252202764504}, {'T': 0.546657053899783}, {'E': 0.5524527218645413}, {'F': 0.5570225823197019}, {'R': 0.5671097633206135}, {'H': 0.5836007906081545}, {'D': 0.5958861147759359}, {'S': 0.6098383762516174}, {'G': 0.6149761157886314}, {'Y': 0.6191422358298757}, {'E': 0.6229595079706937}, {'V': 0.630898465159278}, {'H': 0.6381927761875276}, {'H': 0.6450398711464549}, {'Q': 0.6509851101890626}, {'K': 0.6634917584693873}, {'L': 0.6802719982809471}, {'V': 0.6967567348551692}, {'F': 0.7138961445588965}, {'F': 0.7282879156844485}, {'A': 0.7365919827748691}, {'E': 0.7452966948744357}, {'D': 0.753830425829867}, {'V': 0.7686469296508451}, {'G': 0.7833080767728425}, {'S': 0.7920349230152688}, {'N': 0.7977124559984659}, {'K': 0.8037114516211279}, {'G': 0.8100441194400932}, {'A': 0.8176266857055454}, {'I': 0.8264157680637927}, {'I': 0.8304561784847027}, {'G': 0.8331906173528905}, {'L': 0.8340851687048559}, {'M': 0.8362351916043199}, {'V': 0.8476397561548575}, {'G': 0.8634634277811019}, {'G': 0.8774400562152247}, {'V': 0.8765545230310336}]
abeta39_A2V;39;0.7419858478583314;[[1, 39]];[{'D': 0.5770950562197764}, {'V': 0.5732230494255102}, {'E': 0.5706372234802509}, {'F': 0.5711852873905445}, {'R': 0.5789059974742301}, {'H': 0.5934620570759647}, {'D': 0.604434506168287}, {'S': 0.6173088973179858}, {'G': 0.6215958647322058}, {'Y': 0.6250534028693985}, {'E': 0.6282400821690531}, {'V': 0.6356768488281819}, {'H': 0.642560570026798}, {'H': 0.6490557308460394}, {'Q': 0.6546959603009195}, {'K': 0.6654579528516892}, {'L': 0.6804407156560404}, {'V': 0.6968120418400064}, {'F': 0.7137929877107733}, {'F': 0.7280107593334667}, {'A': 0.7362837550840912}, {'E': 0.7449250816504736}, {'D': 0.7534202841445575}, {'V': 0.7681995023577805}, {'G': 0.7828420066758999}, {'S': 0.7916088017837785}, {'N': 0.797310918684177}, {'K': 0.8033230598736759}, {'G': 0.8096712633625391}, {'A': 0.8172724724318691}, {'I': 0.8260221977597078}, {'I': 0.8300134118926072}, {'G': 0.8327245472559477}, {'L': 0.8335880272681174}, {'M': 0.8356945502918665}, {'V': 0.8470338650288322}, {'G': 0.8627487869657898}, {'G': 0.8766943440601166}, {'V': 0.8758088108759257}]
abeta39_E3G;39;0.7785117613557218;[[1, 39]];[{'D': 0.6272557394341514}, {'A': 0.6230652514069742}, {'G': 0.6035857160763948}, {'F': 0.5957568358085696}, {'R': 0.598451379385384}, {'H': 0.6097498753352595}, {'D': 0.6184354421131347}, {'S': 0.6296179750318454}, {'G': 0.6325994098241178}, {'Y': 0.6349845576579357}, {'E': 0.637268404704087}, {'V': 0.6439528111519629}, {'H': 0.6501999198641344}, {'H': 0.6561494128378518}, {'Q': 0.6613167301599443}, {'K': 0.6687346771630891}, {'L': 0.6804158585842034}, {'V': 0.6968617559836804}, {'F': 0.7138799874622026}, {'F': 0.7281350446926512}, {'A': 0.7364080404432758}, {'E': 0.7450307242057806}, {'D': 0.7534948553600684}, {'V': 0.7682367879655359}, {'G': 0.7828606494797776}, {'S': 0.7916287762165046}, {'N': 0.7973324296117282}, {'K': 0.8033463633785228}, {'G': 0.809696685367827}, {'A': 0.8173004366376857}, {'I': 0.8260532690995039}, {'I': 0.830048367149878}, {'G': 0.8327245472559477}, {'L': 0.8335880272681174}, {'M': 0.8356945502918665}, {'V': 0.8470338650288322}, {'G': 0.8627487869657898}, {'G': 0.8766943440601166}, {'V': 0.8758088108759257}]
abeta39_E3K;39;0.7428247740328281;[[1, 39]];[{'D': 0.5763493440646682}, {'A': 0.5724307302607077}, {'K': 0.5698293686455504}, {'F': 0.5704395752354364}, {'R': 0.5781975709268774}, {'H': 0.5928717016198374}, {'D': 0.6039684360713444}, {'S': 0.6169593447452788}, {'G': 0.6213472940138364}, {'Y': 0.6248576534286825}, {'E': 0.6280621281320385}, {'V': 0.6355137242942518}, {'H': 0.6424099935339396}, {'H': 0.6489159098169566}, {'Q': 0.6545654606737755}, {'K': 0.6653771673682191}, {'L': 0.6804158585842034}, {'V': 0.6968617559836804}, {'F': 0.7138986302660802}, {'F': 0.728153687496529}, {'A': 0.7364266832471534}, {'E': 0.7450493670096583}, {'D': 0.7535259266998646}, {'V': 0.7682865021092097}, {'G': 0.7829103636234515}, {'S': 0.791682041370441}, {'N': 0.7973897920851981}, {'K': 0.8034085060581152}, {'G': 0.8097644773819277}, {'A': 0.8173750078531965}, {'I': 0.826136126005627}, {'I': 0.8301415811692665}, {'G': 0.8328310775638205}, {'L': 0.8336657056176079}, {'M': 0.8357877643112548}, {'V': 0.8471503825530678}, {'G': 0.8629041436647708}, {'G': 0.8768341650891993}, {'V': 0.8758088108759257}]
abeta39_E3Q;39;0.7665057956584806;[[1, 39]];[{'D': 0.6338064656157493}, {'A': 0.6276196440066683}, {'Q': 0.6274004184425509}, {'F': 0.6134780415541039}, {'R': 0.6125164871585451}, {'H': 0.6214707984795605}, {'D': 0.6284419987999407}, {'S': 0.6384436226473419}, {'G': 0.6404962154931083}, {'Y': 0.6420916827600273}, {'E': 0.6437802715347458}, {'V': 0.6499220224134001}, {'H': 0.6557099610285378}, {'H': 0.6612658796333692}, {'Q': 0.666092099169094}, {'K': 0.6730733310934656}, {'L': 0.6845839752467273}, {'V': 0.6968741845195988}, {'F': 0.7139483444097542}, {'F': 0.728259330051836}, {'A': 0.7365323258024605}, {'E': 0.7451736523688429}, {'D': 0.753612926451294}, {'V': 0.768354859056761}, {'G': 0.7829973633748807}, {'S': 0.7917353065243772}, {'N': 0.7974471545586679}, {'K': 0.8034706487377076}, {'G': 0.8098322693960285}, {'A': 0.8174495790687073}, {'I': 0.8262189829117502}, {'I': 0.8302347951886551}, {'G': 0.832937607871693}, {'L': 0.8337899909767925}, {'M': 0.8358809783306433}, {'V': 0.8472669000773035}, {'G': 0.8630595003637517}, {'G': 0.8770672001376707}, {'V': 0.8760884529340912}]
abeta39_F4I;39;0.7509530365235065;[[1, 39]];[{'D': 0.5795858679807221}, {'A': 0.5759156029569896}, {'E': 0.5750013411133841}, {'I': 0.5763327541885985}, {'R': 0.5825579008157307}, {'H': 0.5964742385207523}, {'D': 0.6069204987010196}, {'S': 0.6194654979802492}, {'G': 0.6234900574494784}, {'Y': 0.626804783324638}, {'E': 0.6299085122351342}, {'V': 0.6372916892398623}, {'H': 0.6440942138003746}, {'H': 0.6505197775012413}, {'Q': 0.6560624038457746}, {'K': 0.6666583422791478}, {'L': 0.6814481520633648}, {'V': 0.6973243046621126}, {'F': 0.7138240590505694}, {'F': 0.7282158301761215}, {'A': 0.736519897266542}, {'E': 0.7452246093661087}, {'D': 0.7537421832248459}, {'V': 0.7685661441673751}, {'G': 0.7832086484854948}, {'S': 0.7919417089958805}, {'N': 0.7975905607423426}, {'K': 0.8035793984269942}, {'G': 0.8099000614101293}, {'A': 0.817524150284218}, {'I': 0.8263018398178734}, {'I': 0.8303280092080434}, {'G': 0.8330441381795656}, {'L': 0.8339142763359773}, {'M': 0.836030120761665}, {'V': 0.847383417601539}, {'G': 0.8631216430433439}, {'G': 0.877160414157059}, {'V': 0.8762748809728681}]
abeta39_R5L;39;0.7685937896927834;[[1, 39]];[{'D': 0.6028516433438132}, {'A': 0.6017434322244166}, {'E': 0.6029211593016591}, {'F': 0.6096761302228306}, {'L': 0.613766398383289}, {'H': 0.6224191771474584}, {'D': 0.6291749970700915}, {'S': 0.6388636128376763}, {'G': 0.6408281116536774}, {'Y': 0.6423997107064782}, {'E': 0.6439840309247469}, {'V': 0.6500854983493873}, {'H': 0.6558393509649749}, {'H': 0.6613660529987634}, {'Q': 0.6661669515062507}, {'K': 0.6751931954448736}, {'L': 0.6880717035470955}, {'V': 0.7017703174694231}, {'F': 0.7149251829453177}, {'F': 0.7277684028830564}, {'A': 0.7360600414375588}, {'E': 0.7447200108078189}, {'D': 0.753246284641699}, {'V': 0.7679633601753295}, {'G': 0.782500221938142}, {'S': 0.7912625782831926}, {'N': 0.7969595735341741}, {'K': 0.8029657394660198}, {'G': 0.8093068812867478}, {'A': 0.8168996163543151}, {'I': 0.8256389845688883}, {'I': 0.829617252310206}, {'G': 0.8323117423129415}, {'L': 0.8331530285109711}, {'M': 0.8352284801949239}, {'V': 0.8465211879221953}, {'G': 0.8621584315096626}, {'G': 0.8759486319050085}, {'V': 0.8745970286238749}]
abeta39_R5P;39;0.6761991317779914;[[6, 39]];[{'D': 0.49130065083644503}, {'A': 0.4878481071294271}, {'E': 0.4918556194889156}, {'F': 0.49573880333458076}, {'P': 0.5194157006097722}, {'H': 0.5437625243297317}, {'D': 0.5617390293944305}, {'S': 0.5799317123369837}, {'G': 0.5883799859952608}, {'Y': 0.5952057190158421}, {'E': 0.6011820901362288}, {'V': 0.6109591356491991}, {'H': 0.619787241255147}, {'H': 0.6279490172806729}, {'Q': 0.634996360973244}, {'K': 0.6514779805495692}, {'L': 0.6721244419678427}, {'V': 0.6928874061144759}, {'F': 0.7142497364057768}, {'F': 0.7281971873722437}, {'A': 0.7365385400704197}, {'E': 0.7452432521699864}, {'D': 0.7537794688326013}, {'V': 0.7686034297751305}, {'G': 0.7832459340932502}, {'S': 0.7919816578613326}, {'N': 0.7976335825974448}, {'K': 0.8036260054366884}, {'G': 0.8099509054207047}, {'A': 0.8175800786958511}, {'I': 0.8263639824974658}, {'I': 0.8303979197225848}, {'G': 0.83312403591047}, {'L': 0.8340074903553658}, {'M': 0.8361419775849314}, {'V': 0.8475232386306218}, {'G': 0.863308071082121}, {'G': 0.8773002351861419}, {'V': 0.8762748809728681}]
abeta39_R5Q;39;0.766226153600315;[[1, 39]];[{'D': 0.569101954057211}, {'A': 0.5652182955105213}, {'E': 0.5695947800300893}, {'F': 0.57396189999308}, {'Q': 0.5822197558634918}, {'H': 0.5961303083809609}, {'D': 0.6067055991692458}, {'S': 0.6193893177132133}, {'G': 0.6235279842118645}, {'Y': 0.626866881616602}, {'E': 0.629939543222541}, {'V': 0.6372812951369067}, {'H': 0.6440846192438001}, {'H': 0.6504709194046843}, {'Q': 0.6560168029556547}, {'K': 0.6673116689839288}, {'L': 0.6828288588327742}, {'V': 0.6983600159886516}, {'F': 0.7144106859459213}, {'F': 0.7282829442700811}, {'A': 0.7366118684323387}, {'E': 0.7452606521202723}, {'D': 0.7537185690066008}, {'V': 0.7684791444159461}, {'G': 0.7831030059301879}, {'S': 0.7918484949764919}, {'N': 0.7975260279596887}, {'K': 0.8035094879124527}, {'G': 0.8098746394048413}, {'A': 0.8174961860784015}, {'I': 0.8262707684780772}, {'I': 0.8302930539507727}, {'G': 0.8330041893141135}, {'L': 0.833867669326283}, {'M': 0.8359741923500319}, {'V': 0.8473135070869977}, {'G': 0.8631216430433439}, {'G': 0.877160414157059}, {'V': 0.8762748809728681}]
abeta39_H6Q;39;0.7162927350427349;[[5, 39]];[{'D': 0.5191548151699157}, {'A': 0.5302705869819963}, {'E': 0.5325408662097698}, {'F': 0.5355752414686977}, {'R': 0.5450263662511984}, {'Q': 0.5651917454490161}, {'D': 0.5801468820764122}, {'S': 0.5961853955142546}, {'G': 0.6029333469303642}, {'Y': 0.6083037438574351}, {'E': 0.6130639634414802}, {'V': 0.6218120136709343}, {'H': 0.629762260650877}, {'H': 0.6371715864255414}, {'Q': 0.6436040921751213}, {'K': 0.6582287674625484}, {'L': 0.6750758425227109}, {'V': 0.6933580879721823}, {'F': 0.7122344174385564}, {'F': 0.7282680300269788}, {'A': 0.7365745828245832}, {'E': 0.7452420093163945}, {'D': 0.7536812833988455}, {'V': 0.7684232160043128}, {'G': 0.7830657203224324}, {'S': 0.7918085461110397}, {'N': 0.7974830061045867}, {'K': 0.8035094879124527}, {'G': 0.8098746394048413}, {'A': 0.8174961860784015}, {'I': 0.8262707684780772}, {'I': 0.8302930539507727}, {'G': 0.8330041893141135}, {'L': 0.833867669326283}, {'M': 0.8359741923500319}, {'V': 0.8473135070869977}, {'G': 0.8631216430433439}, {'G': 0.877160414157059}, {'V': 0.8762748809728681}]
abeta39_H6R;39;0.7097804041595988;[[7, 39]];[{'D': 0.5089236489544094}, {'A': 0.497545583248883}, {'E': 0.492019631775411}, {'F': 0.49107432941675105}, {'R': 0.4981506975914134}, {'R': 0.5197178940490834}, {'D': 0.5412651724392695}, {'S': 0.5621638995817547}, {'G': 0.5726920172125864}, {'Y': 0.5810679043075575}, {'E': 0.5883041093052278}, {'V': 0.5990688737030087}, {'H': 0.6087685929881765}, {'H': 0.6176774664530339}, {'Q': 0.625409580200781}, {'K': 0.6407163332359084}, {'L': 0.6612446643794523}, {'V': 0.6832678228847134}, {'F': 0.705906815344735}, {'F': 0.7256987409392334}, {'A': 0.7365696114102159}, {'E': 0.7451922951727207}, {'D': 0.7536315692551716}, {'V': 0.7683735018606389}, {'G': 0.783028434714677}, {'S': 0.7917685972455875}, {'N': 0.7974830061045867}, {'K': 0.8035094879124527}, {'G': 0.8098746394048413}, {'A': 0.8174961860784015}, {'I': 0.8262707684780772}, {'I': 0.8302930539507727}, {'G': 0.8330041893141135}, {'L': 0.833867669326283}, {'M': 0.8359741923500319}, {'V': 0.8473135070869977}, {'G': 0.8631216430433439}, {'G': 0.877160414157059}, {'V': 0.8762748809728681}]
abeta39_D7E;39;0.7507106800730966;[[1, 39]];[{'D': 0.5995596348924088}, {'A': 0.5890880755254356}, {'E': 0.5845354337710787}, {'F': 0.5839602687477408}, {'R': 0.5917061466166612}, {'H': 0.6064343414408666}, {'E': 0.6176629071483661}, {'S': 0.6290119174522142}, {'G': 0.6320814062020875}, {'Y': 0.6345649614078027}, {'E': 0.636937797578178}, {'V': 0.643696361629574}, {'H': 0.6500062190831853}, {'H': 0.6559695478269705}, {'Q': 0.6611488561497885}, {'K': 0.6704132101223828}, {'L': 0.6847782746915861}, {'V': 0.7005039384345876}, {'F': 0.7168765074721455}, {'F': 0.7302528672131584}, {'A': 0.7376223084025102}, {'E': 0.7452979377280277}, {'D': 0.7537372118104785}, {'V': 0.7684977872198236}, {'G': 0.7831216487340654}, {'S': 0.791868469409218}, {'N': 0.7975475388872402}, {'K': 0.8035327914172999}, {'G': 0.8099000614101293}, {'A': 0.817524150284218}, {'I': 0.8263018398178734}, {'I': 0.8303280092080434}, {'G': 0.8330441381795656}, {'L': 0.8339142763359773}, {'M': 0.836030120761665}, {'V': 0.847383417601539}, {'G': 0.8631216430433439}, {'G': 0.877160414157059}, {'V': 0.8762748809728681}]
abeta39_D7H;39;0.742821188878236;[[1, 39]];[{'D': 0.6006160604454787}, {'A': 0.590967891583104}, {'E': 0.5875441751746747}, {'F': 0.5874402588049119}, {'R': 0.5955620998853661}, {'H': 0.6149173350608848}, {'H': 0.6293550523136655}, {'S': 0.6392425444718512}, {'G': 0.6412063682260055}, {'Y': 0.6427308202196347}, {'E': 0.6443613055889343}, {'V': 0.6504546369630729}, {'H': 0.6562016052282359}, {'H': 0.6617224063902317}, {'Q': 0.6665181908088322}, {'K': 0.675712116411222}, {'L': 0.6898969672096075}, {'V': 0.7052715248129123}, {'F': 0.7213178447826102}, {'F': 0.7343368841159672}, {'A': 0.7395984456135467}, {'E': 0.7451922951727207}, {'D': 0.7536315692551716}, {'V': 0.7683735018606389}, {'G': 0.783028434714677}, {'S': 0.7917685972455875}, {'N': 0.7974830061045867}, {'K': 0.8035094879124527}, {'G': 0.8098746394048413}, {'A': 0.8174961860784015}, {'I': 0.8262707684780772}, {'I': 0.8302930539507727}, {'G': 0.8330041893141135}, {'L': 0.833867669326283}, {'M': 0.8359741923500319}, {'V': 0.8473135070869977}, {'G': 0.8631216430433439}, {'G': 0.877160414157059}, {'V': 0.8762748809728681}]
abeta39_D7N;39;0.755278167023134;[[1, 39]];[{'D': 0.6236927445120958}, {'A': 0.6134635415955328}, {'E': 0.6092040061465865}, {'F': 0.6087800549769233}, {'R': 0.6160983912102485}, {'H': 0.6343524581033907}, {'N': 0.6478864432443855}, {'S': 0.6554575115362311}, {'G': 0.655619672283232}, {'Y': 0.6557494008808329}, {'E': 0.6561963789172963}, {'V': 0.6613500611904324}, {'H': 0.6662589198996447}, {'H': 0.6710613414422542}, {'Q': 0.6752345301907199}, {'K': 0.6828900101886682}, {'L': 0.6956138865898379}, {'V': 0.7096558980004173}, {'F': 0.7243435718519614}, {'F': 0.7362077930562274}, {'A': 0.7405407357784319}, {'E': 0.7452606521202723}, {'D': 0.7536999262027231}, {'V': 0.7684418588081906}, {'G': 0.7830657203224324}, {'S': 0.7918085461110397}, {'N': 0.7974830061045867}, {'K': 0.8035094879124527}, {'G': 0.8098746394048413}, {'A': 0.8174961860784015}, {'I': 0.8262707684780772}, {'I': 0.8302930539507727}, {'G': 0.8330041893141135}, {'L': 0.833867669326283}, {'M': 0.8359741923500319}, {'V': 0.8473135070869977}, {'G': 0.8631216430433439}, {'G': 0.877160414157059}, {'V': 0.8762748809728681}]
abeta39_G9A;39;0.7479089329760474;[[1, 39]];[{'D': 0.6029725996308769}, {'A': 0.596653724827662}, {'E': 0.5919700655904979}, {'F': 0.596803385114347}, {'R': 0.609456048963879}, {'H': 0.6212111308541212}, {'D': 0.6298406529670514}, {'S': 0.6405373870733211}, {'A': 0.6426110887023141}, {'Y': 0.6439671044424959}, {'E': 0.6454343563264144}, {'V': 0.6514382668057631}, {'H': 0.657109571236873}, {'H': 0.6625655176839661}, {'Q': 0.6673050946829844}, {'K': 0.6763419176730141}, {'L': 0.6899257599844851}, {'V': 0.7051546078000221}, {'F': 0.719570629366491}, {'F': 0.7304365432189821}, {'A': 0.7377932599548935}, {'E': 0.7456780141931153}, {'D': 0.7536408906571104}, {'V': 0.7681995023577805}, {'G': 0.7828420066758999}, {'S': 0.7916088017837785}, {'N': 0.797310918684177}, {'K': 0.8033230598736759}, {'G': 0.8096712633625391}, {'A': 0.8172724724318691}, {'I': 0.8260221977597078}, {'I': 0.8300134118926072}, {'G': 0.8327245472559477}, {'L': 0.8335880272681174}, {'M': 0.8356945502918665}, {'V': 0.8470338650288322}, {'G': 0.8627487869657898}, {'G': 0.8766943440601166}, {'V': 0.8758088108759257}]
abeta39_G9E;39;0.7428247740328281;[[1, 39]];[{'D': 0.5758599704628785}, {'A': 0.571836490887106}, {'E': 0.5689982103060028}, {'F': 0.569489957412916}, {'R': 0.5772700914339617}, {'H': 0.5920055880230191}, {'D': 0.6031701245767243}, {'S': 0.6162118848273073}, {'E': 0.6207035994243925}, {'Y': 0.6243249353078772}, {'E': 0.627671052950695}, {'V': 0.6352018457210479}, {'H': 0.6421651274753152}, {'H': 0.6487284830565433}, {'Q': 0.654390529030723}, {'K': 0.6652348606319526}, {'L': 0.6803201588576312}, {'V': 0.6968530560085374}, {'F': 0.7139769300423667}, {'F': 0.7283065584883262}, {'A': 0.7366354826505838}, {'E': 0.7453029091423952}, {'D': 0.7538242115619078}, {'V': 0.7686034297751305}, {'G': 0.7832459340932502}, {'S': 0.7919683415728486}, {'N': 0.797655093524996}, {'K': 0.8036493089415355}, {'G': 0.8099763274259925}, {'A': 0.8176080429016677}, {'I': 0.826395053837262}, {'I': 0.8304328749798555}, {'G': 0.8331639847759222}, {'L': 0.8340540973650601}, {'M': 0.8361979059965645}, {'V': 0.8475931491451633}, {'G': 0.8634012851015095}, {'G': 0.8774400562152247}, {'V': 0.8765545230310336}]
abeta39_G9V;39;0.7466039367046083;[[1, 39]];[{'D': 0.6049300940380359}, {'A': 0.5985180052154324}, {'E': 0.593430418560918}, {'F': 0.5979685603567034}, {'R': 0.6103322607461309}, {'H': 0.6218480933199427}, {'D': 0.6302800904870257}, {'S': 0.6408519843887575}, {'V': 0.6429632305533376}, {'Y': 0.6443213177161724}, {'E': 0.6457309463881052}, {'V': 0.6516868375241325}, {'H': 0.6573175102032013}, {'H': 0.6627386294342592}, {'Q': 0.6674480228460469}, {'K': 0.676317060601177}, {'L': 0.6897455462136672}, {'V': 0.7049122513496119}, {'F': 0.7192909873083255}, {'F': 0.7301755439646943}, {'A': 0.7375695463083611}, {'E': 0.7454853718863791}, {'D': 0.7534668911542518}, {'V': 0.7679633601753295}, {'G': 0.7825623646177343}, {'S': 0.791329159725613}, {'N': 0.7970312766260115}, {'K': 0.8030434178155103}, {'G': 0.8093916213043737}, {'A': 0.8169928303737036}, {'I': 0.8257736270413384}, {'I': 0.829803680348983}, {'G': 0.8325248029286866}, {'L': 0.8334015992293403}, {'M': 0.8354708366453341}, {'V': 0.8467542229706666}, {'G': 0.8624691449076244}, {'G': 0.876414702001951}, {'V': 0.8755291688177601}]
abeta39_E11K;39;0.7428247740328281;[[1, 39]];[{'D': 0.5762561300452798}, {'A': 0.5723841232510135}, {'E': 0.5697982973057543}, {'F': 0.5704162717305893}, {'R': 0.5781229997113666}, {'H': 0.5928561659499393}, {'D': 0.6039151709174081}, {'S': 0.6168544789734667}, {'G': 0.6212540799944478}, {'Y': 0.6247178323995997}, {'K': 0.6279350181055997}, {'V': 0.6353972067700162}, {'H': 0.6423024388961835}, {'H': 0.648816037653326}, {'Q': 0.654472246654387}, {'K': 0.6652901676167898}, {'L': 0.6803288588327742}, {'V': 0.696774756232251}, {'F': 0.7137929877107733}, {'F': 0.7280666877450996}, {'A': 0.7363210406918465}, {'E': 0.744962367258229}, {'D': 0.7534699982882315}, {'V': 0.7682305736975766}, {'G': 0.7828917208195738}, {'S': 0.7916620669377148}, {'N': 0.7973682811576469}, {'K': 0.8033852025532681}, {'G': 0.8097390553766399}, {'A': 0.81734704364738}, {'I': 0.8261050546658308}, {'I': 0.8301066259119958}, {'G': 0.8327911286983681}, {'L': 0.8336657056176079}, {'M': 0.8357877643112548}, {'V': 0.8471503825530678}, {'G': 0.8629041436647708}, {'G': 0.8768341650891993}, {'V': 0.8758088108759257}]
abeta39_V12I;39;0.761113364636855;[[1, 39]];[{'D': 0.6008366669580315}, {'A': 0.6004928107976206}, {'E': 0.5996309263553857}, {'F': 0.6014604241044399}, {'R': 0.6101252368478322}, {'H': 0.6254183382212841}, {'D': 0.6367681032909545}, {'S': 0.6504626272103904}, {'G': 0.6558266172701921}, {'Y': 0.6600618809064003}, {'E': 0.6643797627718212}, {'I': 0.6728392069357304}, {'H': 0.6768642852029967}, {'H': 0.6809091806525096}, {'Q': 0.6844258467869583}, {'K': 0.693605065288511}, {'L': 0.7065346339591311}, {'V': 0.720761830554896}, {'F': 0.7354681472103176}, {'F': 0.7473528754988491}, {'A': 0.7532497719158797}, {'E': 0.759584598949812}, {'D': 0.7654992526944434}, {'V': 0.7774406514647014}, {'G': 0.7892826219476115}, {'S': 0.7951200534134386}, {'N': 0.7973682811576469}, {'K': 0.8033852025532681}, {'G': 0.8097390553766399}, {'A': 0.81734704364738}, {'I': 0.8261050546658308}, {'I': 0.8301066259119958}, {'G': 0.8327911286983681}, {'L': 0.8336657056176079}, {'M': 0.8357877643112548}, {'V': 0.8471503825530678}, {'G': 0.8629041436647708}, {'G': 0.8768341650891993}, {'V': 0.8758088108759257}]
abeta39_H13L;39;0.7493404339880854;[[1, 39]];[{'D': 0.6010619341715538}, {'A': 0.5981080854682643}, {'E': 0.5944542192072019}, {'F': 0.5991779012891988}, {'R': 0.6101931943067289}, {'H': 0.6210819628558256}, {'D': 0.6293257247735516}, {'S': 0.6408614445020346}, {'G': 0.6448338485080345}, {'Y': 0.6480117717128344}, {'E': 0.650339535350721}, {'V': 0.6565129065944689}, {'L': 0.6617503910138569}, {'H': 0.6668215851800864}, {'Q': 0.671227710202356}, {'K': 0.6803297682100815}, {'L': 0.6935488181964694}, {'V': 0.708449892968909}, {'F': 0.7226860410697105}, {'F': 0.7338959442454972}, {'A': 0.7415065434192957}, {'E': 0.7495612874779546}, {'D': 0.7570675336139545}, {'V': 0.7704218201841251}, {'G': 0.7836207500553144}, {'S': 0.791478148507152}, {'N': 0.7966364683711102}, {'K': 0.80263949039816}, {'G': 0.8089933432215318}, {'A': 0.8166013314922719}, {'I': 0.8253800567372536}, {'I': 0.8293725655093112}, {'G': 0.8320454165432599}, {'L': 0.8329044577926016}, {'M': 0.8350047665483913}, {'V': 0.8463347598834183}, {'G': 0.8619098607912933}, {'G': 0.8757622038662314}, {'V': 0.8745970286238749}]
abeta39_H13P;39;0.658800735059125;[[9, 39]];[{'D': 0.4939013219773846}, {'A': 0.49315198483263367}, {'E': 0.49168472712003664}, {'F': 0.4922595900609045}, {'R': 0.49918541759425433}, {'H': 0.5127014676674446}, {'D': 0.5236314895850691}, {'S': 0.5366278634857355}, {'G': 0.5414788836038527}, {'Y': 0.545443592315796}, {'E': 0.5484952666440364}, {'V': 0.5563865811115999}, {'P': 0.5700531599193621}, {'H': 0.5818006610472256}, {'Q': 0.5919742759657005}, {'K': 0.6083198030737184}, {'L': 0.6284324588742938}, {'V': 0.6499367851884635}, {'F': 0.6721927272123025}, {'F': 0.6919558156442949}, {'A': 0.7059781633355464}, {'E': 0.7200419713479003}, {'D': 0.7338900554868123}, {'V': 0.7537592918101872}, {'G': 0.7734358858268261}, {'S': 0.7873233055339964}, {'N': 0.7984104028631656}, {'K': 0.8037735943007203}, {'G': 0.810069541445381}, {'A': 0.8176360071074843}, {'I': 0.8263639824974658}, {'I': 0.8303979197225848}, {'G': 0.83312403591047}, {'L': 0.8340074903553658}, {'M': 0.8361419775849314}, {'V': 0.8475232386306218}, {'G': 0.863308071082121}, {'G': 0.8773002351861419}, {'V': 0.8762748809728681}]
abeta39_H14R;39;0.7174113032753973;[[1, 39]];[{'D': 0.563774294828545}, {'A': 0.5589375229336077}, {'E': 0.5561543939806427}, {'F': 0.5558697459843989}, {'R': 0.5630852360829987}, {'H': 0.5777050807065719}, {'D': 0.5888296208366517}, {'S': 0.6012704479007609}, {'G': 0.6064713380864261}, {'Y': 0.6106413716368971}, {'E': 0.6141638868009112}, {'V': 0.621349714625488}, {'H': 0.6277916530702193}, {'R': 0.6333332890270009}, {'Q': 0.6400216812698168}, {'K': 0.6516717245800019}, {'L': 0.6676711734905247}, {'V': 0.6850529715127032}, {'F': 0.7032401386623982}, {'F': 0.7186659958444076}, {'A': 0.7279681950123786}, {'E': 0.7375890108524339}, {'D': 0.7473682017501931}, {'V': 0.7626993676014934}, {'G': 0.7779062480936089}, {'S': 0.7870860487830773}, {'N': 0.793754681712865}, {'K': 0.8011429956550208}, {'G': 0.8098492173995537}, {'A': 0.817468221872585}, {'I': 0.826239697138281}, {'I': 0.8302580986935021}, {'G': 0.8329642404486612}, {'L': 0.8338210623165887}, {'M': 0.8359182639383989}, {'V': 0.8473135070869977}, {'G': 0.8631216430433439}, {'G': 0.877160414157059}, {'V': 0.8762748809728681}]
abeta39_Q15E;39;0.7368124697822687;[[1, 39]];[{'D': 0.5772348772488594}, {'A': 0.5686638481660853}, {'E': 0.5643221462852335}, {'F': 0.5645515563440618}, {'R': 0.5731437139378974}, {'H': 0.5889876115267615}, {'D': 0.6011236329748634}, {'S': 0.6144291019745438}, {'G': 0.6188162456898474}, {'Y': 0.6223352820640292}, {'E': 0.6246738926828411}, {'V': 0.6311670164753217}, {'H': 0.6372336278290501}, {'H': 0.6406317357819434}, {'E': 0.6435132815371442}, {'K': 0.654265952685975}, {'L': 0.6698659303935218}, {'V': 0.6869110213191123}, {'F': 0.7044165895004822}, {'F': 0.7188047701601021}, {'A': 0.7269654257555082}, {'E': 0.735380691063018}, {'D': 0.7438977815898029}, {'V': 0.7588399517184011}, {'G': 0.7736578364878146}, {'S': 0.7826291106033043}, {'N': 0.7887858592502807}, {'K': 0.795348600514988}, {'G': 0.8053978242736638}, {'A': 0.8175521144900346}, {'I': 0.8263329111576696}, {'I': 0.8303629644653141}, {'G': 0.8330840870450178}, {'L': 0.8339608833456715}, {'M': 0.8360860491732982}, {'V': 0.8474533281160804}, {'G': 0.8632148570627325}, {'G': 0.877160414157059}, {'V': 0.8762748809728681}]
abeta39_K16N;39;0.7497226114675783;[[1, 39]];[{'D': 0.5758599704628785}, {'A': 0.5977023455560926}, {'E': 0.6257527743405817}, {'F': 0.6417750990982253}, {'R': 0.657099583757861}, {'H': 0.6738973344887774}, {'D': 0.6860422070413282}, {'S': 0.6993132003286506}, {'G': 0.7051131683448985}, {'Y': 0.7097717855617744}, {'E': 0.7122228603073123}, {'V': 0.7177998856620222}, {'H': 0.7240199828900139}, {'H': 0.7277248333366504}, {'Q': 0.7303719740157102}, {'N': 0.7432826384886416}, {'L': 0.7549191560917888}, {'V': 0.7635499210583105}, {'F': 0.7727486701163065}, {'F': 0.7797445055703821}, {'A': 0.7819265619209694}, {'E': 0.7846770485156024}, {'D': 0.7875512878178804}, {'V': 0.7959868234756385}, {'G': 0.8042918595062524}, {'S': 0.8091174489165068}, {'N': 0.8114228554051741}, {'K': 0.8124863308867788}, {'G': 0.8158134619544022}, {'A': 0.8206516137975874}, {'I': 0.8263329111576696}, {'I': 0.8303629644653141}, {'G': 0.8330840870450178}, {'L': 0.8339608833456715}, {'M': 0.8360860491732982}, {'V': 0.8474533281160804}, {'G': 0.8632148570627325}, {'G': 0.877160414157059}, {'V': 0.8762748809728681}]
abeta39_K16R;39;0.7428247740328281;[[1, 39]];[{'D': 0.576302737054974}, {'A': 0.5717549286201411}, {'E': 0.5692234775195252}, {'F': 0.569915246376376}, {'R': 0.5776662510163628}, {'H': 0.592428935027742}, {'D': 0.603493044572463}, {'S': 0.616613287698299}, {'G': 0.6210914733161813}, {'Y': 0.6246460576046706}, {'E': 0.6279206123026033}, {'V': 0.6354306084602972}, {'H': 0.642376293080776}, {'H': 0.648884616539019}, {'Q': 0.6545362536143671}, {'R': 0.6653510674427904}, {'L': 0.680476758410204}, {'V': 0.696953727149477}, {'F': 0.7140092442357545}, {'F': 0.7283202298778365}, {'A': 0.7366118684323387}, {'E': 0.7452979377280277}, {'D': 0.7537372118104785}, {'V': 0.7684791444159458}, {'G': 0.7831216487340654}, {'S': 0.791868469409218}, {'N': 0.7975475388872402}, {'K': 0.8035327914172999}, {'G': 0.8099000614101293}, {'A': 0.817524150284218}, {'I': 0.8263018398178734}, {'I': 0.8303280092080434}, {'G': 0.8330441381795656}, {'L': 0.8339142763359773}, {'M': 0.836030120761665}, {'V': 0.847383417601539}, {'G': 0.8631216430433439}, {'G': 0.877160414157059}, {'V': 0.8762748809728681}]
abeta39_L17V;39;0.7445026263818214;[[1, 39]];[{'D': 0.5767921106567637}, {'A': 0.5723025609840486}, {'E': 0.5674658753983883}, {'F': 0.5672054371544024}, {'R': 0.5746367953862361}, {'H': 0.5889114004349837}, {'D': 0.5998266264765147}, {'S': 0.6124949758041901}, {'G': 0.6169500089584604}, {'Y': 0.6205419996876933}, {'E': 0.6240623993000951}, {'V': 0.6318394088994389}, {'H': 0.639015808176667}, {'H': 0.6457019126222548}, {'Q': 0.6516381261804456}, {'K': 0.6624243543762562}, {'V': 0.6773334781052905}, {'V': 0.694234984917312}, {'F': 0.7116615973718887}, {'F': 0.7262597857648198}, {'A': 0.7349486196130497}, {'E': 0.743938670183078}, {'D': 0.7528820249681554}, {'V': 0.7679310459819414}, {'G': 0.7828247102967468}, {'S': 0.7916503042162206}, {'N': 0.797362903425759}, {'K': 0.8033820954192885}, {'G': 0.8098148976924151}, {'A': 0.817321875862145}, {'I': 0.8260703583363919}, {'I': 0.8303979197225848}, {'G': 0.83312403591047}, {'L': 0.8340074903553658}, {'M': 0.8361419775849314}, {'V': 0.8475232386306218}, {'G': 0.863308071082121}, {'G': 0.8773002351861419}, {'V': 0.8762748809728681}]
abeta39_V18M;39;0.7464601207889804;[[1, 39]];[{'D': 0.5767921106567637}, {'A': 0.5723025609840486}, {'E': 0.5693089237039647}, {'F': 0.5674066240795826}, {'R': 0.5744028281975709}, {'H': 0.5891672211326389}, {'D': 0.6003923467989465}, {'S': 0.6135203300174639}, {'G': 0.6186435695959064}, {'Y': 0.6227980896702934}, {'E': 0.6261482748339572}, {'V': 0.6329903431110554}, {'H': 0.6399050460206029}, {'H': 0.6464833568181285}, {'Q': 0.6520291072062141}, {'K': 0.6625297897892979}, {'L': 0.677302510336627}, {'M': 0.6935974010246945}, {'F': 0.7113389732936717}, {'F': 0.7260688005962058}, {'A': 0.7345773171024853}, {'E': 0.7434056931344408}, {'D': 0.7520661951562404}, {'V': 0.7666459353679717}, {'G': 0.7810516760768443}, {'S': 0.7897232153344336}, {'N': 0.7959901477325334}, {'K': 0.8020825366323135}, {'G': 0.8084535493092546}, {'A': 0.8163319429762389}, {'I': 0.825446342262152}, {'I': 0.8299516576047623}, {'G': 0.83312403591047}, {'L': 0.8340074903553658}, {'M': 0.8361419775849314}, {'V': 0.8475232386306218}, {'G': 0.863308071082121}, {'G': 0.8773002351861419}, {'V': 0.8762748809728681}]
abeta39_F19L;39;0.7307535585220151;[[1, 39]];[{'D': 0.5733431919393885}, {'A': 0.5709626094553386}, {'E': 0.5686175863934998}, {'F': 0.568924847420373}, {'R': 0.5709491156163413}, {'H': 0.5840565405815218}, {'D': 0.5939649548130692}, {'S': 0.6065639009133835}, {'G': 0.6105150111877057}, {'Y': 0.613743013501123}, {'E': 0.6165385147208412}, {'V': 0.6235607463282705}, {'H': 0.6300729132018927}, {'H': 0.6362695733181513}, {'Q': 0.6415174954026559}, {'K': 0.6513035371704277}, {'L': 0.6652668493160665}, {'V': 0.6816558861637163}, {'L': 0.6987384353156167}, {'F': 0.7150243597027718}, {'A': 0.7244259109024215}, {'E': 0.7342094643073395}, {'D': 0.7435806122579058}, {'V': 0.7593087491885037}, {'G': 0.7748740722985696}, {'S': 0.7841869683971799}, {'N': 0.7906009433500405}, {'K': 0.7974661123220974}, {'G': 0.804797017548696}, {'A': 0.8137778788449935}, {'I': 0.8241827744437745}, {'I': 0.8299516576047623}, {'G': 0.8328357382647898}, {'L': 0.8339608833456715}, {'M': 0.8360860491732982}, {'V': 0.8474533281160804}, {'G': 0.8632148570627325}, {'G': 0.877160414157059}, {'V': 0.8762748809728681}]
abeta39_F20L;39;0.7307535585220151;[[1, 39]];[{'D': 0.5740889040944966}, {'A': 0.5713354655328926}, {'E': 0.568866157111869}, {'F': 0.5691811859736914}, {'R': 0.5768180034399273}, {'H': 0.5889472804345101}, {'D': 0.598157017544202}, {'S': 0.6102319558031248}, {'G': 0.6137755044230313}, {'Y': 0.6166774574129161}, {'E': 0.6192061910042895}, {'V': 0.6260061162547648}, {'H': 0.6323158371310584}, {'H': 0.6383522883952336}, {'Q': 0.6434613628079329}, {'K': 0.6531976904320307}, {'L': 0.6671610025776694}, {'V': 0.6835500394253192}, {'F': 0.7006139457733421}, {'L': 0.7130047226160205}, {'A': 0.7224062738156702}, {'E': 0.7321898272205883}, {'D': 0.7415609751711546}, {'V': 0.7573077549056302}, {'G': 0.772873078015696}, {'S': 0.7820430459512441}, {'N': 0.7882921037928787}, {'K': 0.7949804051384035}, {'G': 0.8020853369846666}, {'A': 0.810795030224561}, {'I': 0.8208684981988493}, {'I': 0.8262230968292217}, {'G': 0.8285745259498862}, {'L': 0.8289894689782841}, {'M': 0.8361419775849314}, {'V': 0.8475232386306218}, {'G': 0.863308071082121}, {'G': 0.8773002351861419}, {'V': 0.8762748809728681}]
abeta39_A21G;39;0.7344215301849534;[[1, 39]];[{'D': 0.5767921106567637}, {'A': 0.5723025609840486}, {'E': 0.5693089237039647}, {'F': 0.5695831714323045}, {'R': 0.577251448630084}, {'H': 0.5920366593628154}, {'D': 0.6093283373025306}, {'S': 0.6250935163389724}, {'G': 0.6310670749165035}, {'Y': 0.6358459217785283}, {'E': 0.6378475453000063}, {'V': 0.643675838042216}, {'H': 0.6495613604942896}, {'H': 0.655347401561248}, {'Q': 0.6601655040143111}, {'K': 0.6704194824357018}, {'L': 0.6838255101845708}, {'V': 0.6985293730008498}, {'F': 0.7128137727298803}, {'F': 0.7232108371370118}, {'G': 0.7289028721299416}, {'E': 0.7347088945522952}, {'D': 0.741379587973548}, {'V': 0.7546775910310589}, {'G': 0.7678575229973444}, {'S': 0.7757142188889556}, {'N': 0.7809393850952967}, {'K': 0.7860020313599736}, {'G': 0.7910416764443616}, {'A': 0.7973839502530783}, {'I': 0.8048041906170175}, {'I': 0.8092917860010986}, {'G': 0.8129220995172582}, {'L': 0.8176304643446706}, {'M': 0.8283804525079699}, {'V': 0.8476397561548575}, {'G': 0.8634634277811019}, {'G': 0.8774400562152247}, {'V': 0.8765545230310336}]
abeta39_A21S;39;0.7561031110947223;[[1, 39]];[{'D': 0.576302737054974}, {'A': 0.5720578741831537}, {'E': 0.5691457991700347}, {'F': 0.5694608280318569}, {'R': 0.577153573909726}, {'H': 0.5919550970958503}, {'D': 0.6048220101631736}, {'S': 0.6197323785952842}, {'G': 0.6263543664426092}, {'Y': 0.6316799209262858}, {'E': 0.6356100456631778}, {'V': 0.6435785736517468}, {'H': 0.6504931421727155}, {'H': 0.6571811971600244}, {'Q': 0.6627244951722955}, {'K': 0.6740313037488656}, {'L': 0.6890027055966655}, {'V': 0.705203585564324}, {'F': 0.7219668567822933}, {'F': 0.7347091859172401}, {'S': 0.7432740769877241}, {'E': 0.7511504271683248}, {'D': 0.7585774413878447}, {'V': 0.7718562246023101}, {'G': 0.7849982939216725}, {'S': 0.7928616511280708}, {'N': 0.7976023641743833}, {'K': 0.802946897486887}, {'G': 0.8082942598043276}, {'A': 0.8150906190503513}, {'I': 0.8227779249777765}, {'I': 0.8265771607214567}, {'G': 0.8294689195875685}, {'L': 0.8307379090376857}, {'M': 0.837073591956143}, {'V': 0.8477329701742461}, {'G': 0.8635877131402866}, {'G': 0.8776264842540017}, {'V': 0.8767409510698108}]
abeta39_A21T;39;0.7458029619522912;[[1, 39]];[{'D': 0.5767921106567637}, {'A': 0.5723025609840486}, {'E': 0.5693089237039647}, {'F': 0.5695132609177631}, {'R': 0.5771955202184509}, {'H': 0.5920832663725096}, {'D': 0.6034822964253294}, {'S': 0.6173150561014097}, {'G': 0.6228643891690748}, {'Y': 0.6273038556232069}, {'E': 0.6300937731586501}, {'V': 0.6374655649695266}, {'H': 0.6439648317433982}, {'H': 0.6502036997852355}, {'Q': 0.6553173097030295}, {'K': 0.6657836385381131}, {'L': 0.6799689354890701}, {'V': 0.6954707103113147}, {'F': 0.7116032333314217}, {'F': 0.7233015654492168}, {'T': 0.731077244488878}, {'E': 0.7396300621244696}, {'D': 0.747721115263062}, {'V': 0.7618046461782484}, {'G': 0.7757701060022095}, {'S': 0.7841827601085757}, {'N': 0.7892310282023763}, {'K': 0.7948372778000862}, {'G': 0.8006125772065377}, {'A': 0.8079830500719769}, {'I': 0.816227050837417}, {'I': 0.8206813739951331}, {'G': 0.8242289600690855}, {'L': 0.8262481004371391}, {'M': 0.834817812686941}, {'V': 0.8477329701742461}, {'G': 0.8635877131402866}, {'G': 0.8776264842540017}, {'V': 0.8767409510698108}]
abeta39_E22D;39;0.7341745130335738;[[1, 39]];[{'D': 0.5749511337738404}, {'A': 0.5714985900668226}, {'E': 0.5694875839077925}, {'F': 0.5700434156530352}, {'R': 0.5778806432609563}, {'H': 0.5925609882218755}, {'D': 0.6037021103016629}, {'S': 0.6152861530972549}, {'G': 0.6176435903101327}, {'Y': 0.6195295400804349}, {'E': 0.6211676802979935}, {'V': 0.6274538187511248}, {'H': 0.6332276955932523}, {'H': 0.638714710941261}, {'Q': 0.6435060713929096}, {'K': 0.6527496792709322}, {'L': 0.666151914722944}, {'V': 0.6809103993611826}, {'F': 0.696409003313366}, {'F': 0.7089269336389026}, {'A': 0.7154410525467575}, {'D': 0.7222675738587374}, {'D': 0.7315122170687051}, {'V': 0.7476150743572447}, {'G': 0.7635687892147628}, {'S': 0.7725701968391331}, {'N': 0.7784139549240225}, {'K': 0.7847389330261261}, {'G': 0.7915292078043762}, {'A': 0.7996236168132147}, {'I': 0.8091812129097744}, {'I': 0.8141939172559984}, {'G': 0.818101213840668}, {'L': 0.8204197544521935}, {'M': 0.8251040036274944}, {'V': 0.8404613803732939}, {'G': 0.8629662863443631}, {'G': 0.8769273791085879}, {'V': 0.8758088108759257}]
abeta39_E22G;39;0.7477977419672053;[[1, 39]];[{'D': 0.5749511337738404}, {'A': 0.5714985900668226}, {'E': 0.5693011558690155}, {'F': 0.5699035946239525}, {'R': 0.5777687864376901}, {'H': 0.5925143812121814}, {'D': 0.6036621614362108}, {'S': 0.6232792552598202}, {'G': 0.634497720726903}, {'Y': 0.6433886004831196}, {'E': 0.6493774536839415}, {'V': 0.6576498956928675}, {'H': 0.6657741978061201}, {'H': 0.6733506906845035}, {'Q': 0.6794669759080647}, {'K': 0.6923016954252972}, {'L': 0.7080687898976489}, {'V': 0.7249379699966948}, {'F': 0.7412360588702872}, {'F': 0.7549953085691341}, {'A': 0.7631267100618332}, {'G': 0.7708436198816514}, {'D': 0.7757942039317881}, {'V': 0.7859978566466265}, {'G': 0.7961393666818726}, {'S': 0.8023446081811377}, {'N': 0.8064752120572981}, {'K': 0.8100759944649769}, {'G': 0.8135515304978397}, {'A': 0.8183971866438314}, {'I': 0.8240555488784427}, {'I': 0.8264934345576129}, {'G': 0.8277147839288305}, {'L': 0.8296368739181944}, {'M': 0.8324405888667641}, {'V': 0.8434973917146742}, {'G': 0.8625623589270129}, {'G': 0.876414702001951}, {'V': 0.8755291688177601}]
abeta39_E22K;39;0.7428247740328281;[[1, 39]];[{'D': 0.5749511337738404}, {'A': 0.5717782321249881}, {'E': 0.569394369888404}, {'F': 0.5699735051384938}, {'R': 0.5778247148493232}, {'H': 0.5925609882218755}, {'D': 0.6037021103016629}, {'S': 0.6167263096968074}, {'G': 0.6211401517485284}, {'Y': 0.6246152969782723}, {'E': 0.6278418040862112}, {'V': 0.6353117605855767}, {'H': 0.6422235654951625}, {'H': 0.6487427980666636}, {'Q': 0.6544038897068353}, {'K': 0.6653088104206675}, {'L': 0.6803412873686926}, {'V': 0.6967685419642919}, {'F': 0.7138240590505696}, {'F': 0.7280791162810182}, {'A': 0.7363521120316426}, {'K': 0.7449747957941475}, {'D': 0.7534389269484353}, {'V': 0.7681808595539027}, {'G': 0.7828420066758999}, {'S': 0.7916088017837785}, {'N': 0.797310918684177}, {'K': 0.8033230598736759}, {'G': 0.8096712633625391}, {'A': 0.8172724724318691}, {'I': 0.8260221977597078}, {'I': 0.8300134118926072}, {'G': 0.8327245472559477}, {'L': 0.8335880272681174}, {'M': 0.8356945502918665}, {'V': 0.8470338650288322}, {'G': 0.8627487869657898}, {'G': 0.8766943440601166}, {'V': 0.8758088108759257}]
abeta39_E22Q;39;0.7711198896182121;[[1, 39]];[{'D': 0.576302737054974}, {'A': 0.5717549286201411}, {'E': 0.5692234775195252}, {'F': 0.569915246376376}, {'R': 0.5776662510163628}, {'H': 0.592428935027742}, {'D': 0.603548972984096}, {'S': 0.6180108321747025}, {'G': 0.627943591493803}, {'Y': 0.6358711561452055}, {'E': 0.6434164171440458}, {'V': 0.6535519316850881}, {'H': 0.6630698369028691}, {'H': 0.6715512174534627}, {'Q': 0.6785448092728109}, {'K': 0.6921635918559857}, {'L': 0.7094233534921456}, {'V': 0.7276876367480397}, {'F': 0.7465317112045304}, {'F': 0.7628680178260718}, {'A': 0.7732968341833}, {'Q': 0.7837399433568341}, {'D': 0.7914599603106319}, {'V': 0.8028235505276898}, {'G': 0.8140628553855629}, {'S': 0.8208624145464996}, {'N': 0.825156247078034}, {'K': 0.8291455427081832}, {'G': 0.8334488498079108}, {'A': 0.8391482253143334}, {'I': 0.8456553085934152}, {'I': 0.8480992790766287}, {'G': 0.8495242012080465}, {'L': 0.8486696231103398}, {'M': 0.8476605739525208}, {'V': 0.8539070673298869}, {'G': 0.8629041436647708}, {'G': 0.8768341650891993}, {'V': 0.8758088108759257}]
abeta39_D23N;39;0.7388598491366949;[[1, 39]];[{'D': 0.576302737054974}, {'A': 0.5717549286201411}, {'E': 0.5690370494807482}, {'F': 0.5696589078230576}, {'R': 0.5774611801737082}, {'H': 0.5921648286394744}, {'D': 0.603306616533686}, {'S': 0.6164152079070984}, {'G': 0.6240040377313557}, {'Y': 0.6353412054223017}, {'E': 0.6454454842737841}, {'V': 0.6569681401348535}, {'H': 0.6685885060766752}, {'H': 0.6791116890120167}, {'Q': 0.6873215340394684}, {'K': 0.7024872231919211}, {'L': 0.7206401504080475}, {'V': 0.7397720319700185}, {'F': 0.7591580770915222}, {'F': 0.7759025700664403}, {'A': 0.7870819789415986}, {'E': 0.7985025036898639}, {'N': 0.8088495580357996}, {'V': 0.8217383094368552}, {'G': 0.8309982538589921}, {'S': 0.8370346810783053}, {'N': 0.8411360138838199}, {'K': 0.843894606925927}, {'G': 0.8464383832672424}, {'A': 0.8508562851515873}, {'I': 0.8560860863526787}, {'I': 0.8581592185933631}, {'G': 0.8592420334450539}, {'L': 0.8587298457404725}, {'M': 0.8585082820485509}, {'V': 0.8647918015367684}, {'G': 0.8725673303413801}, {'G': 0.877160414157059}, {'V': 0.8762748809728681}]
abeta39_V24A;39;0.7419858478583314;[[1, 39]];[{'D': 0.5754871143853244}, {'A': 0.571650062848329}, {'E': 0.5690758886554933}, {'F': 0.5693384846314096}, {'R': 0.5769438423661019}, {'H': 0.5917026424600064}, {'D': 0.6028705080858325}, {'S': 0.615851845677419}, {'G': 0.6202779220691848}, {'Y': 0.6238187831825975}, {'E': 0.6270821098281948}, {'V': 0.6346153741823951}, {'H': 0.6416022582043921}, {'H': 0.6482058187335433}, {'Q': 0.6539399946036786}, {'K': 0.6648775402242966}, {'L': 0.6800311953975267}, {'V': 0.6965609854144533}, {'F': 0.7137780734676711}, {'F': 0.7282319872728155}, {'A': 0.7366292683826245}, {'E': 0.7453339804821912}, {'D': 0.7539199112884799}, {'A': 0.7687749435708053}, {'G': 0.7835119047619054}, {'S': 0.7923545139388867}, {'N': 0.7981139933127549}, {'K': 0.8041697538831215}, {'G': 0.8105440855440862}, {'A': 0.8181766484199378}, {'I': 0.8269129095005314}, {'I': 0.8308872933243745}, {'G': 0.8336034222958967}, {'L': 0.8344735604523082}, {'M': 0.8365334764663629}, {'V': 0.8478028806887874}, {'G': 0.8635877131402866}, {'G': 0.8776264842540017}, {'V': 0.8767409510698108}]
abeta39_V24G;39;0.7394097513225033;[[1, 39]];[{'D': 0.5725042657648919}, {'A': 0.5689119010287913}, {'E': 0.5672892866172135}, {'F': 0.5681500058842059}, {'R': 0.5761515232012994}, {'H': 0.5910734478291338}, {'D': 0.6021980355173867}, {'S': 0.6151469146557933}, {'G': 0.6194856029043824}, {'Y': 0.6226243530787714}, {'E': 0.6255040830823828}, {'V': 0.6334885934624935}, {'H': 0.6411426793503889}, {'H': 0.6485742096640148}, {'Q': 0.6550148692691572}, {'K': 0.6668338433047606}, {'L': 0.6826492525206173}, {'V': 0.6995207617802698}, {'F': 0.7173561694954312}, {'F': 0.732416595853397}, {'A': 0.741226149254673}, {'E': 0.7508444179277516}, {'D': 0.7618428755145761}, {'G': 0.7769309428453728}, {'G': 0.7920820132928638}, {'S': 0.8019234868767471}, {'N': 0.8081238929715959}, {'K': 0.8143849082188012}, {'G': 0.8206758904440423}, {'A': 0.8282250691143315}, {'I': 0.8369402016493744}, {'I': 0.8412388925392287}, {'G': 0.844684920517855}, {'L': 0.8457551940353959}, {'M': 0.848093435274644}, {'V': 0.8606602010964433}, {'G': 0.8764737375475637}, {'G': 0.879327640107842}, {'V': 0.8781391613606385}]
abeta39_V24M;39;0.7464601207889804;[[1, 39]];[{'D': 0.576302737054974}, {'A': 0.5717782321249882}, {'E': 0.5689593711312577}, {'F': 0.569460828031857}, {'R': 0.5772467879291145}, {'H': 0.5919861684356466}, {'D': 0.6030735814852147}, {'S': 0.6161274096222364}, {'G': 0.62053529633383}, {'Y': 0.6245006437344246}, {'E': 0.6276960512558948}, {'V': 0.6343469954849057}, {'H': 0.6411573405195417}, {'H': 0.6476794924312104}, {'Q': 0.6531579289810089}, {'K': 0.6636912364708787}, {'L': 0.6785385282337185}, {'V': 0.694833418921786}, {'F': 0.7118584860950636}, {'F': 0.7259277367135312}, {'A': 0.7346034170279141}, {'E': 0.743598956867973}, {'D': 0.7523862299561408}, {'M': 0.767487347249652}, {'G': 0.7819117307624024}, {'S': 0.7906447024975314}, {'N': 0.7970398809970318}, {'K': 0.8032197476688534}, {'G': 0.8096517731584852}, {'A': 0.8176313464065149}, {'I': 0.8268901238513475}, {'I': 0.8315060013780657}, {'G': 0.8349004287942454}, {'L': 0.8363269658711502}, {'M': 0.8397064816863482}, {'V': 0.8506785331869231}, {'G': 0.8660609917880618}, {'G': 0.879434836230139}, {'V': 0.8765545230310336}]
abeta39_G25D;39;0.6460865988970017;[[1, 39]];[{'D': 0.5757434529386429}, {'A': 0.5714752865619754}, {'E': 0.5690370494807481}, {'F': 0.5697754253472932}, {'R': 0.5775543941930966}, {'H': 0.5923357210083534}, {'D': 0.6034291263877394}, {'S': 0.6165573592866658}, {'G': 0.6210417591725074}, {'Y': 0.6246292790811806}, {'E': 0.6200928137029925}, {'V': 0.6126183764932831}, {'H': 0.6061614409908591}, {'H': 0.6014079251655152}, {'Q': 0.5972432297106046}, {'K': 0.5948479131896356}, {'L': 0.5961669040835705}, {'V': 0.5993274784913485}, {'F': 0.6045489704801782}, {'F': 0.6062858117108674}, {'A': 0.6023584068802188}, {'E': 0.6005680888007506}, {'D': 0.6008510724506247}, {'V': 0.6082987246410062}, {'D': 0.6164152710741074}, {'S': 0.6193929218707499}, {'N': 0.6262385645387707}, {'K': 0.6343685936701874}, {'G': 0.6429828095096549}, {'A': 0.6533873411264348}, {'I': 0.6660066340155824}, {'I': 0.6758834653182386}, {'G': 0.6850712187301353}, {'L': 0.6908642663885951}, {'M': 0.702092542058985}, {'V': 0.7257828569175047}, {'G': 0.7533322133993278}, {'G': 0.7736484479353609}, {'V': 0.778665154755759}]
abeta39_G25S;39;0.6679499471445781;[[1, 39]];[{'D': 0.575044347793229}, {'A': 0.5715451970765169}, {'E': 0.5692700845292195}, {'F': 0.5698802911191053}, {'R': 0.5776382868105463}, {'H': 0.5924056315228948}, {'D': 0.60352899855137}, {'S': 0.6166447474298427}, {'G': 0.6211194375219979}, {'Y': 0.6246525825860278}, {'E': 0.6249929052222117}, {'V': 0.6249580261861208}, {'H': 0.6239647040961358}, {'H': 0.6234262179412386}, {'Q': 0.6228710483250005}, {'K': 0.6255972651302628}, {'L': 0.6327903372002924}, {'V': 0.6417659572385522}, {'F': 0.6523097034086967}, {'F': 0.6597230120943767}, {'A': 0.6614540533416371}, {'E': 0.6641294880444767}, {'D': 0.6686569521496813}, {'V': 0.6796219243926178}, {'S': 0.6911399664839261}, {'S': 0.6956216689767744}, {'N': 0.701086846837363}, {'K': 0.7085070141557837}, {'G': 0.7168780247219844}, {'A': 0.7270559598244162}, {'I': 0.7394024442635554}, {'I': 0.7473349838702188}, {'G': 0.7541893872790325}, {'L': 0.7582431012520497}, {'M': 0.7659177415301578}, {'V': 0.7843451834643111}, {'G': 0.8089933375308099}, {'G': 0.8253065307176048}, {'V': 0.8292215195319226}]
abeta39_K28R;39;0.7428247740328281;[[1, 39]];[{'D': 0.5757434529386429}, {'A': 0.5714752865619754}, {'E': 0.5690370494807481}, {'F': 0.5697754253472932}, {'R': 0.5775543941930966}, {'H': 0.5923357210083534}, {'D': 0.6034291263877394}, {'S': 0.6165573592866658}, {'G': 0.6210417591725074}, {'Y': 0.624601314875364}, {'E': 0.6278799370941428}, {'V': 0.6353933228525417}, {'H': 0.6422988537415916}, {'H': 0.6488127085812049}, {'Q': 0.6544691395204072}, {'K': 0.665321238956586}, {'L': 0.6804469299239997}, {'V': 0.6969238986632728}, {'F': 0.7139794157495503}, {'F': 0.7282904013916321}, {'A': 0.7365820399461344}, {'E': 0.7452606521202723}, {'D': 0.7536999262027232}, {'V': 0.7684418588081904}, {'G': 0.78308436312631}, {'S': 0.7918285205437657}, {'N': 0.7975045170321378}, {'R': 0.8035327914172999}, {'G': 0.8099000614101293}, {'A': 0.817524150284218}, {'I': 0.8263018398178734}, {'I': 0.8303280092080434}, {'G': 0.8330441381795656}, {'L': 0.8339142763359773}, {'M': 0.836030120761665}, {'V': 0.847383417601539}, {'G': 0.8631216430433439}, {'G': 0.877160414157059}, {'V': 0.8762748809728681}]
abeta39_A30V;39;0.742265489916497;[[1, 39]];[{'D': 0.5757900599483371}, {'A': 0.5725705512897905}, {'E': 0.569922582664939}, {'F': 0.5705094857499778}, {'R': 0.5781975709268774}, {'H': 0.5929183086295317}, {'D': 0.6039684360713444}, {'S': 0.616901085983161}, {'G': 0.6212333657679171}, {'Y': 0.6247271538015386}, {'E': 0.6279434921073623}, {'V': 0.6354049746049654}, {'H': 0.6423096092053673}, {'H': 0.648822695797568}, {'Q': 0.6544784609223462}, {'K': 0.6653088104206675}, {'L': 0.6802729304211411}, {'V': 0.6966815422128626}, {'F': 0.7136811308875071}, {'F': 0.7279361881179559}, {'A': 0.7361718982608249}, {'E': 0.7447945820233296}, {'D': 0.7532711417135359}, {'V': 0.768031717122881}, {'G': 0.7825934359575304}, {'S': 0.7913424760140969}, {'N': 0.7970241063168277}, {'K': 0.8030123464757141}, {'G': 0.8093323032920355}, {'V': 0.8168996163543151}, {'I': 0.8256389845688883}, {'I': 0.829617252310206}, {'G': 0.8323117423129415}, {'L': 0.8331530285109711}, {'M': 0.8352284801949239}, {'V': 0.8465211879221953}, {'G': 0.8621584315096626}, {'G': 0.8759486319050085}, {'V': 0.8745970286238749}]
abeta39_I31M;39;0.727839510725417;[[1, 39]];[{'D': 0.576302737054974}, {'A': 0.5720578741831537}, {'E': 0.5691457991700347}, {'F': 0.5696006490609398}, {'R': 0.5775823583989131}, {'H': 0.592265810493812}, {'D': 0.6033931724088325}, {'S': 0.6164420069376726}, {'G': 0.6208460097317916}, {'Y': 0.62442514037872}, {'E': 0.62771977846083}, {'V': 0.6352698142768521}, {'H': 0.6422637192265915}, {'H': 0.6488533232610816}, {'Q': 0.6545567606986327}, {'K': 0.6654088601348112}, {'L': 0.6768592554806204}, {'V': 0.6918235826233593}, {'F': 0.7076299430745743}, {'F': 0.7202816303962839}, {'A': 0.7276951041128897}, {'E': 0.7354408658910899}, {'D': 0.7430387280918606}, {'V': 0.7572884906749565}, {'G': 0.7713536007244067}, {'S': 0.7792598465417263}, {'N': 0.7839475110254673}, {'K': 0.7887605887256343}, {'G': 0.7936917171816508}, {'A': 0.7996204004173809}, {'M': 0.8063466417306842}, {'I': 0.8146938542597107}, {'G': 0.818537753970401}, {'L': 0.8202839453818208}, {'M': 0.8244838333428944}, {'V': 0.8363834974992701}, {'G': 0.8530634064750403}, {'G': 0.8687192188870049}, {'V': 0.8676139669428267}]
abeta39_I31V;39;0.7241109499498763;[[1, 39]];[{'D': 0.576302737054974}, {'A': 0.5717549286201411}, {'E': 0.5692234775195252}, {'F': 0.5697754253472933}, {'R': 0.5775543941930967}, {'H': 0.5923357210083534}, {'D': 0.6034530957070109}, {'S': 0.6165783324410283}, {'G': 0.6210293306365889}, {'Y': 0.6246180933988541}, {'E': 0.6279121383008408}, {'V': 0.6354228406253482}, {'H': 0.6423691227715923}, {'H': 0.6489179072602292}, {'Q': 0.6545673249541633}, {'K': 0.6653821387825865}, {'L': 0.6771730760125618}, {'V': 0.6923256954744654}, {'F': 0.7082246485182732}, {'F': 0.7211864278111485}, {'A': 0.7280853601407297}, {'E': 0.7354470801590492}, {'D': 0.7426534434783879}, {'V': 0.7565067357656848}, {'G': 0.7702126611270913}, {'S': 0.7780240949704045}, {'N': 0.7826382125685178}, {'K': 0.7873810212386841}, {'G': 0.7922291044774272}, {'A': 0.7980860976582459}, {'V': 0.8047040035667933}, {'I': 0.8122831066832752}, {'G': 0.8152592837456218}, {'L': 0.8161499036219402}, {'M': 0.8187604925524395}, {'V': 0.8310190306834608}, {'G': 0.8478309928533649}, {'G': 0.8634712695954312}, {'V': 0.8625058386803359}]
abeta39_I32V;39;0.7241109499498763;[[1, 39]];[{'D': 0.576302737054974}, {'A': 0.5717549286201411}, {'E': 0.5692234775195252}, {'F': 0.5697754253472933}, {'R': 0.5775543941930967}, {'H': 0.5923357210083534}, {'D': 0.6034530957070109}, {'S': 0.6165783324410283}, {'G': 0.6210293306365889}, {'Y': 0.6246180933988541}, {'E': 0.6278951902973156}, {'V': 0.6354073049554501}, {'H': 0.6423547821532248}, {'H': 0.6489045909717451}, {'Q': 0.6545548964182448}, {'K': 0.665369710246668}, {'L': 0.6804954012140816}, {'V': 0.6956480206759852}, {'F': 0.7115469737197929}, {'F': 0.7245087530126683}, {'A': 0.7314076853422495}, {'E': 0.7387694053605691}, {'D': 0.7459757686799079}, {'V': 0.7598290609672047}, {'G': 0.7735349863286112}, {'S': 0.781597045403374}, {'N': 0.7864860053424851}, {'K': 0.7915494634104819}, {'G': 0.7967764959375704}, {'A': 0.8030882282644034}, {'I': 0.8102619264625238}, {'V': 0.8122831066832752}, {'G': 0.8152592837456218}, {'L': 0.8161499036219402}, {'M': 0.8187604925524395}, {'V': 0.8310190306834608}, {'G': 0.8478309928533649}, {'G': 0.8634712695954312}, {'V': 0.8625058386803359}]
abeta39_G33R;39;0.7224261569899157;[[1, 39]];[{'D': 0.5749511337738404}, {'A': 0.5714985900668226}, {'E': 0.569394369888404}, {'F': 0.5699735051384938}, {'R': 0.5778247148493232}, {'H': 0.5925609882218755}, {'D': 0.6036621614362107}, {'S': 0.6167612649540781}, {'G': 0.6212230086546516}, {'Y': 0.6247457966054162}, {'E': 0.628011284121463}, {'V': 0.6355137242942518}, {'H': 0.6424099935339396}, {'H': 0.6489159098169566}, {'Q': 0.6545654606737755}, {'K': 0.6654703813876076}, {'L': 0.6805401439433881}, {'V': 0.6969487557351096}, {'F': 0.7109878671539749}, {'F': 0.7221239832956837}, {'A': 0.726955783776254}, {'E': 0.7334269081444701}, {'D': 0.7414872871556322}, {'V': 0.7556566466717479}, {'G': 0.7681521487254154}, {'S': 0.7758297193999503}, {'N': 0.7802750388772594}, {'K': 0.7848675234161817}, {'G': 0.7895379508634548}, {'A': 0.7951258286828763}, {'I': 0.8014148158163823}, {'I': 0.8023301072063662}, {'R': 0.8010465358919342}, {'L': 0.804171361511966}, {'M': 0.8097513746507039}, {'V': 0.8275093777400829}, {'G': 0.8475671482382895}, {'G': 0.8566703849841437}, {'V': 0.8438834189673118}]
abeta39_L34V;39;0.7445026263818214;[[1, 39]];[{'D': 0.576302737054974}, {'A': 0.5717549286201411}, {'E': 0.5692234775195252}, {'F': 0.5697987288521404}, {'R': 0.5775730369969744}, {'H': 0.5923512566782515}, {'D': 0.6034664119954949}, {'S': 0.6165899841934519}, {'G': 0.6210396877498544}, {'Y': 0.6246274148007929}, {'E': 0.6279036642990782}, {'V': 0.6354150727903991}, {'H': 0.6423619524624086}, {'H': 0.648871300250535}, {'Q': 0.6545238250784486}, {'K': 0.665338638906872}, {'L': 0.6804643298742855}, {'V': 0.6969412986135585}, {'F': 0.7140278870396324}, {'F': 0.7281378411132329}, {'A': 0.7362533051710909}, {'E': 0.7446382931841549}, {'D': 0.7527516289121439}, {'V': 0.7672024230637212}, {'G': 0.7815227175881544}, {'S': 0.7901553288957418}, {'N': 0.7957026183342658}, {'K': 0.8015341274849112}, {'G': 0.8077197007566141}, {'A': 0.8151257535653516}, {'I': 0.8236369545746883}, {'I': 0.8273300133094603}, {'G': 0.8296178571526134}, {'V': 0.8299169484711997}, {'M': 0.8318364220293757}, {'V': 0.8428019485485935}, {'G': 0.8584252100331525}, {'G': 0.8725603023002357}, {'V': 0.8717213761257391}]
abeta39_M35T;39;0.7193108718276507;[[1, 39]];[{'D': 0.5764192545792096}, {'A': 0.5721161329452715}, {'E': 0.5690914243253914}, {'F': 0.5694200468983746}, {'R': 0.5772328058262063}, {'H': 0.5919745166832229}, {'D': 0.603143491999756}, {'S': 0.6162235365797307}, {'G': 0.6206828851978616}, {'Y': 0.624278328298183}, {'E': 0.6276117349383569}, {'V': 0.6351863100511498}, {'H': 0.6421651274753152}, {'H': 0.6487284830565433}, {'Q': 0.6544278146384784}, {'K': 0.665272146239708}, {'L': 0.6803947300731419}, {'V': 0.6969462700279258}, {'F': 0.7141074296695105}, {'F': 0.7284494866513886}, {'A': 0.7347848736523237}, {'E': 0.7416578858832777}, {'D': 0.7486302376263231}, {'V': 0.7622781039699388}, {'G': 0.7756773995951852}, {'S': 0.783872513756263}, {'N': 0.7889006581766009}, {'K': 0.7941498016442092}, {'G': 0.7996132285561821}, {'A': 0.8061527057332432}, {'I': 0.8136047587483088}, {'I': 0.8159738824902419}, {'G': 0.8166394219306495}, {'L': 0.8147754407122418}, {'T': 0.8130075896015496}, {'V': 0.8260810180063539}, {'G': 0.8436905148873831}, {'G': 0.8593512099384584}, {'V': 0.8576267505797709}]
abeta39_V36M;39;0.7464601207889804;[[1, 39]];[{'D': 0.576302737054974}, {'A': 0.5716151075910583}, {'E': 0.5689438354613596}, {'F': 0.5694491762794335}, {'R': 0.5772933949388088}, {'H': 0.5920250076103918}, {'D': 0.6031867699373293}, {'S': 0.6163103421352862}, {'G': 0.6207911170314849}, {'Y': 0.6244037011542604}, {'E': 0.6277426582655888}, {'V': 0.6352674839263672}, {'H': 0.6422257165879176}, {'H': 0.6487847443753884}, {'Q': 0.6544803252027339}, {'K': 0.6652951390311571}, {'L': 0.6804394728024487}, {'V': 0.696953727149477}, {'F': 0.7140776011833062}, {'F': 0.728388586825388}, {'A': 0.7367175109876457}, {'E': 0.7456757652199492}, {'D': 0.7544182955788106}, {'V': 0.7694634844606886}, {'G': 0.7843719594474634}, {'S': 0.7931747973095055}, {'N': 0.7989543535490883}, {'K': 0.8050568406343022}, {'G': 0.8115118165453743}, {'A': 0.8192411525213545}, {'I': 0.8282096200813585}, {'I': 0.8324742620044641}, {'G': 0.835496998518332}, {'L': 0.8367759467312048}, {'M': 0.8394641252359382}, {'M': 0.8516759231943802}, {'G': 0.8673908451313381}, {'G': 0.8814296162450532}, {'V': 0.8805440830608623}]
abeta39_G38C;39;0.7481559501274272;[[1, 39]];[{'D': 0.5765357721034453}, {'A': 0.5728035863382619}, {'E': 0.5703575814220855}, {'F': 0.5709056453323791}, {'R': 0.5786263554160647}, {'H': 0.5932290220274934}, {'D': 0.6042347618410259}, {'S': 0.6170292552598202}, {'G': 0.6213783653536327}, {'Y': 0.6248576534286826}, {'E': 0.6280621281320387}, {'V': 0.635513724294252}, {'H': 0.6424099935339396}, {'H': 0.6489159098169566}, {'Q': 0.6545468178698978}, {'K': 0.6653274532245452}, {'L': 0.6803102160288964}, {'V': 0.6966628994089848}, {'F': 0.7136438452797518}, {'F': 0.727861616902445}, {'A': 0.7361159698491917}, {'E': 0.7447386536116964}, {'D': 0.7532276418378212}, {'V': 0.764022123476822}, {'G': 0.7745991057372493}, {'S': 0.782777122206653}, {'N': 0.7877998791395804}, {'K': 0.7930194337003628}, {'G': 0.7984309439007432}, {'A': 0.80493608522971}, {'I': 0.8123461722082163}, {'I': 0.8146628384044499}, {'G': 0.8152209835635057}, {'L': 0.8132138099699628}, {'M': 0.8113014179457141}, {'V': 0.8166123601106828}, {'G': 0.8222799944276461}, {'C': 0.8164572253498434}, {'V': 0.8148259800105443}]
abeta39_G38S;39;0.7577569941244443;[[1, 39]];[{'D': 0.575044347793229}, {'A': 0.5715451970765169}, {'E': 0.5692390131894233}, {'F': 0.5698569876142582}, {'R': 0.5776196440066685}, {'H': 0.5923900958529967}, {'D': 0.6035156822628859}, {'S': 0.6166330956774191}, {'G': 0.6211090804087325}, {'Y': 0.624643261184089}, {'E': 0.6279180701020746}, {'V': 0.6353816711001182}, {'H': 0.6422880982778162}, {'H': 0.6488027213648421}, {'Q': 0.6544598181184685}, {'K': 0.6653585245643414}, {'L': 0.6804282871201219}, {'V': 0.6968741845195988}, {'F': 0.7139483444097542}, {'F': 0.728259330051836}, {'A': 0.7365509686063382}, {'E': 0.7452109379765983}, {'D': 0.7536502120590494}, {'V': 0.7660262248936751}, {'G': 0.7783960234603418}, {'S': 0.7868052994730854}, {'N': 0.7921379161957383}, {'K': 0.7977189738445337}, {'G': 0.8035577149671116}, {'A': 0.8105475691968987}, {'I': 0.8185500830541853}, {'I': 0.8216072828488943}, {'G': 0.8230775937691093}, {'L': 0.8222866411904449}, {'M': 0.8220769585870265}, {'V': 0.8299419648832407}, {'G': 0.8398663727522795}, {'S': 0.8422775087204624}, {'V': 0.8419978666622968}]
abeta39_G38V;39;0.7325945354049386;[[1, 39]];[{'D': 0.577374698277942}, {'A': 0.5729434073673446}, {'E': 0.5703575814220855}, {'F': 0.5709056453323791}, {'R': 0.5786263554160647}, {'H': 0.5932290220274934}, {'D': 0.6042347618410259}, {'S': 0.6171341210316323}, {'G': 0.621440508033225}, {'Y': 0.6249135818403158}, {'E': 0.6281129721426143}, {'V': 0.6355603313039463}, {'H': 0.642453015389042}, {'H': 0.6489558586824088}, {'Q': 0.6546027462815309}, {'K': 0.6653274532245452}, {'L': 0.6803475016366519}, {'V': 0.696718827820618}, {'F': 0.7136997736913848}, {'F': 0.7279175453140782}, {'A': 0.7361718982608249}, {'E': 0.744751082147615}, {'D': 0.753196570498025}, {'V': 0.7655787976006102}, {'G': 0.7780070102860935}, {'S': 0.786428448508986}, {'N': 0.7917320766959389}, {'K': 0.797279314386418}, {'G': 0.8030780864673488}, {'A': 0.8100199778471596}, {'I': 0.8179949417831602}, {'I': 0.8210177041762619}, {'G': 0.8224836873027195}, {'L': 0.8216869643323789}, {'M': 0.8214692031806132}, {'V': 0.8293220916543071}, {'G': 0.8394438025310516}, {'V': 0.8421097234855631}, {'V': 0.8425944363863833}]
abeta39_V39I;39;0.761113364636855;[[1, 39]];[{'D': 0.575044347793229}, {'A': 0.5715451970765169}, {'E': 0.5692390131894233}, {'F': 0.5698569876142582}, {'R': 0.5777315008299347}, {'H': 0.5924833098723852}, {'D': 0.6036355288592425}, {'S': 0.6166680509346897}, {'G': 0.6211090804087325}, {'Y': 0.624643261184089}, {'E': 0.627867226091499}, {'V': 0.635335064090424}, {'H': 0.6422450764227138}, {'H': 0.6487627724993897}, {'Q': 0.6544225325107131}, {'K': 0.665321238956586}, {'L': 0.6803910015123665}, {'V': 0.6968368989118434}, {'F': 0.713892415998121}, {'F': 0.7281474732285697}, {'A': 0.7364204689791942}, {'E': 0.7450431527416991}, {'D': 0.7534886410921092}, {'V': 0.7681995023577805}, {'G': 0.7828171496040629}, {'S': 0.7915821692068103}, {'N': 0.7972822374474421}, {'K': 0.8032919885338795}, {'G': 0.8096373673554887}, {'A': 0.8172351868241137}, {'I': 0.8259807693066462}, {'I': 0.829966804882913}, {'G': 0.8326313332365592}, {'L': 0.8334792775788308}, {'M': 0.8355640506647225}, {'V': 0.8468707404949023}, {'G': 0.8625312875872168}, {'G': 0.8765079160213395}, {'I': 0.875715596856537}]
