mutation,Probability,delta_prob,effect
H177P,0.6916361956308457,-0.0018305842406315387,Reduced Amyloidogenicity
H177D,0.6916361956308457,-0.0018305842406315387,Reduced Amyloidogenicity
H177E,0.6916361956308457,-0.0018305842406315387,Reduced Amyloidogenicity
H177K,0.6916361956308457,-0.0018305842406315387,Reduced Amyloidogenicity
H177R,0.6916361956308457,-0.0018305842406315387,Reduced Amyloidogenicity
D178P,0.6916361956308457,-0.0018305842406315387,Reduced Amyloidogenicity
D178K,0.6916361956308457,-0.0018305842406315387,Reduced Amyloidogenicity
D178R,0.6916361956308457,-0.0018305842406315387,Reduced Amyloidogenicity
C179P,0.6916361956308457,-0.0018305842406315387,Reduced Amyloidogenicity
C179D,0.6916361956308457,-0.0018305842406315387,Reduced Amyloidogenicity
C179E,0.6916361956308457,-0.0018305842406315387,Reduced Amyloidogenicity
C179K,0.6916361956308457,-0.0018305842406315387,Reduced Amyloidogenicity
C179R,0.6916361956308457,-0.0018305842406315387,Reduced Amyloidogenicity
V180P,0.6916361956308457,-0.0018305842406315387,Reduced Amyloidogenicity
V180D,0.6916361956308457,-0.0018305842406315387,Reduced Amyloidogenicity
V180E,0.6916361956308457,-0.0018305842406315387,Reduced Amyloidogenicity
V180K,0.6916361956308457,-0.0018305842406315387,Reduced Amyloidogenicity
V180R,0.6916361956308457,-0.0018305842406315387,Reduced Amyloidogenicity
N181P,0.6916361956308457,-0.0018305842406315387,Reduced Amyloidogenicity
N181K,0.6916361956308457,-0.0018305842406315387,Reduced Amyloidogenicity
N181R,0.6916361956308457,-0.0018305842406315387,Reduced Amyloidogenicity
I182P,0.6916361956308457,-0.0018305842406315387,Reduced Amyloidogenicity
I182D,0.6916361956308457,-0.0018305842406315387,Reduced Amyloidogenicity
I182E,0.6916361956308457,-0.0018305842406315387,Reduced Amyloidogenicity
I182K,0.6916361956308457,-0.0018305842406315387,Reduced Amyloidogenicity
I182R,0.6916361956308457,-0.0018305842406315387,Reduced Amyloidogenicity
S170P,0.6934667798714772,0,Neutral
S170D,0.6934667798714772,0,Neutral
S170E,0.6934667798714772,0,Neutral
S170K,0.6934667798714772,0,Neutral
S170R,0.6934667798714772,0,Neutral
N171P,0.6934667798714772,0,Neutral
N171D,0.6934667798714772,0,Neutral
N171E,0.6934667798714772,0,Neutral
N171K,0.6934667798714772,0,Neutral
N171R,0.6934667798714772,0,Neutral
Q172P,0.6934667798714772,0,Neutral
Q172D,0.6934667798714772,0,Neutral
Q172E,0.6934667798714772,0,Neutral
Q172K,0.6934667798714772,0,Neutral
Q172R,0.6934667798714772,0,Neutral
N173P,0.6934667798714772,0,Neutral
N173D,0.6934667798714772,0,Neutral
N173E,0.6934667798714772,0,Neutral
N173K,0.6934667798714772,0,Neutral
N173R,0.6934667798714772,0,Neutral
N174P,0.6934667798714772,0,Neutral
N174D,0.6934667798714772,0,Neutral
N174E,0.6934667798714772,0,Neutral
N174K,0.6934667798714772,0,Neutral
N174R,0.6934667798714772,0,Neutral
F175P,0.6934667798714772,0,Neutral
F175D,0.6934667798714772,0,Neutral
F175E,0.6934667798714772,0,Neutral
F175K,0.6934667798714772,0,Neutral
F175R,0.6934667798714772,0,Neutral
V176P,0.6934667798714772,0,Neutral
V176D,0.6934667798714772,0,Neutral
V176E,0.6934667798714772,0,Neutral
V176K,0.6934667798714772,0,Neutral
V176R,0.6934667798714772,0,Neutral
D178E,0.6934667798714772,0,Neutral
N181D,0.6934667798714772,0,Neutral
N181E,0.6934667798714772,0,Neutral
T183P,0.6934667798714772,0,Neutral
T183D,0.6934667798714772,0,Neutral
T183E,0.6934667798714772,0,Neutral
T183K,0.6934667798714772,0,Neutral
T183R,0.6934667798714772,0,Neutral
I184P,0.6934667798714772,0,Neutral
I184D,0.6934667798714772,0,Neutral
I184E,0.6934667798714772,0,Neutral
I184K,0.6934667798714772,0,Neutral
I184R,0.6934667798714772,0,Neutral
K185P,0.6934667798714772,0,Neutral
K185D,0.6934667798714772,0,Neutral
K185E,0.6934667798714772,0,Neutral
K185R,0.6934667798714772,0,Neutral
Q186P,0.6934667798714772,0,Neutral
Q186D,0.6934667798714772,0,Neutral
Q186E,0.6934667798714772,0,Neutral
Q186K,0.6934667798714772,0,Neutral
Q186R,0.6934667798714772,0,Neutral
H187P,0.6934667798714772,0,Neutral
H187D,0.6934667798714772,0,Neutral
H187E,0.6934667798714772,0,Neutral
H187K,0.6934667798714772,0,Neutral
H187R,0.6934667798714772,0,Neutral
T188P,0.6934667798714772,0,Neutral
T188D,0.6934667798714772,0,Neutral
T188E,0.6934667798714772,0,Neutral
T188K,0.6934667798714772,0,Neutral
T188R,0.6934667798714772,0,Neutral
V189P,0.6934667798714772,0,Neutral
V189D,0.6934667798714772,0,Neutral
V189E,0.6934667798714772,0,Neutral
V189K,0.6934667798714772,0,Neutral
V189R,0.6934667798714772,0,Neutral
T190P,0.6934667798714772,0,Neutral
T190D,0.6934667798714772,0,Neutral
T190E,0.6934667798714772,0,Neutral
T190K,0.6934667798714772,0,Neutral
T190R,0.6934667798714772,0,Neutral
T191P,0.6934667798714772,0,Neutral
T191D,0.6934667798714772,0,Neutral
T191E,0.6934667798714772,0,Neutral
T191K,0.6934667798714772,0,Neutral
T191R,0.6934667798714772,0,Neutral
T192P,0.6934667798714772,0,Neutral
T192D,0.6934667798714772,0,Neutral
T192E,0.6934667798714772,0,Neutral
T192K,0.6934667798714772,0,Neutral
T192R,0.6934667798714772,0,Neutral
T193P,0.6934667798714772,0,Neutral
T193D,0.6934667798714772,0,Neutral
T193E,0.6934667798714772,0,Neutral
T193K,0.6934667798714772,0,Neutral
T193R,0.6934667798714772,0,Neutral
