mutation,local_max,local_mean,delta_mean,effect
V189R,0.9925046700458489,0.6149407043966072,-0.30101355839209143,Reduced Amyloidogenicity
V189P,0.9925046700458489,0.6215075713010643,-0.29444669148763436,Reduced Amyloidogenicity
V189K,0.9925046700458489,0.628742626502745,-0.2872116362859536,Reduced Amyloidogenicity
T190P,0.9925046700458489,0.6309516084684926,-0.285002654320206,Reduced Amyloidogenicity
T191P,0.9925046700458489,0.6309516084684926,-0.285002654320206,Reduced Amyloidogenicity
T190R,0.9925046700458489,0.6351482684967699,-0.28080599429192876,Reduced Amyloidogenicity
T191R,0.9925046700458489,0.6351482684967699,-0.28080599429192876,Reduced Amyloidogenicity
T188P,0.9925046700458489,0.6629467086246255,-0.25300755416407317,Reduced Amyloidogenicity
T190K,0.9925046700458489,0.6634118840497155,-0.2525423787389831,Reduced Amyloidogenicity
T191K,0.9925046700458489,0.6634118840497155,-0.2525423787389831,Reduced Amyloidogenicity
T188R,0.9925046700458489,0.6642129539675713,-0.25174130882112733,Reduced Amyloidogenicity
T188K,0.9925046700458489,0.6703358806760294,-0.24561838211266918,Reduced Amyloidogenicity
V180P,1.0438426230653817,0.7101323324858748,-0.2058219303028238,Reduced Amyloidogenicity
V180R,1.0438426230653817,0.7133456775226944,-0.20260858526600423,Reduced Amyloidogenicity
V180K,1.0438426230653817,0.7295475370059242,-0.1864067257827744,Reduced Amyloidogenicity
N174K,1.0438426230653817,0.7370036095191493,-0.1789506532695493,Reduced Amyloidogenicity
N174R,1.0438426230653817,0.7371069565796585,-0.1788473062090401,Reduced Amyloidogenicity
N174P,1.0438426230653817,0.7403136055810775,-0.17564065720762112,Reduced Amyloidogenicity
N173K,1.0438426230653817,0.7456905032721315,-0.17026375951656714,Reduced Amyloidogenicity
N173R,1.0438426230653817,0.7457212601681974,-0.17023300262050123,Reduced Amyloidogenicity
Q172R,1.0438426230653817,0.7549393563458239,-0.16101490644287475,Reduced Amyloidogenicity
N173P,1.0438426230653817,0.7557702830332451,-0.1601839797554535,Reduced Amyloidogenicity
Q172K,1.0438426230653817,0.7563413145431482,-0.1596129482455504,Reduced Amyloidogenicity
Q172P,1.0438426230653817,0.7633933087562634,-0.1525609540324352,Reduced Amyloidogenicity
N174E,1.0438426230653817,0.780408005329981,-0.13554625745871762,Reduced Amyloidogenicity
I182P,1.0438426230653817,0.7819681828511024,-0.13398607993759626,Reduced Amyloidogenicity
I182R,1.0438426230653817,0.7864274121800842,-0.12952685060861446,Reduced Amyloidogenicity
N173E,1.0438426230653817,0.7868207958976893,-0.12913346689100935,Reduced Amyloidogenicity
Q172E,1.0438426230653817,0.79196716895549,-0.1239870938332086,Reduced Amyloidogenicity
V189E,0.9925046700458489,0.792521696096264,-0.12343256669243463,Reduced Amyloidogenicity
N174D,1.0438426230653817,0.7952754955127666,-0.12067876727593208,Reduced Amyloidogenicity
C179P,1.0438426230653817,0.7955878719368971,-0.12036639085180156,Reduced Amyloidogenicity
N181P,1.0438426230653817,0.7961752034425441,-0.11977905934615451,Reduced Amyloidogenicity
N173D,1.0438426230653817,0.7983941953539953,-0.11756006743470337,Reduced Amyloidogenicity
I182K,1.0438426230653817,0.8024936866708859,-0.11346057611781268,Reduced Amyloidogenicity
C179R,1.0438426230653817,0.8042065345986129,-0.11174772819008572,Reduced Amyloidogenicity
Q172D,1.0438426230653817,0.8050921011997415,-0.11086216158895712,Reduced Amyloidogenicity
T192P,0.9925046700458489,0.8134328685099439,-0.10252139427875473,Reduced Amyloidogenicity
T183P,1.0438426230653817,0.8142198884429528,-0.10173437434574584,Reduced Amyloidogenicity
T190E,0.9925046700458489,0.8151002945252714,-0.10085396826342719,Reduced Amyloidogenicity
T192R,0.9925046700458489,0.8153223285455212,-0.1006319342431774,Reduced Amyloidogenicity
T191E,0.9925046700458489,0.816152297946021,-0.09980196484267767,Reduced Amyloidogenicity
C179K,1.0438426230653817,0.816908518174849,-0.09904574461384963,Reduced Amyloidogenicity
T188E,0.9925046700458489,0.8227715599952877,-0.0931827027934109,Reduced Amyloidogenicity
N171R,1.0438426230653817,0.8249938816650129,-0.09096038112368576,Reduced Amyloidogenicity
N171K,1.0438426230653817,0.8255103677746274,-0.09044389501407124,Reduced Amyloidogenicity
T183R,1.0438426230653817,0.8270608462397533,-0.08889341654894534,Reduced Amyloidogenicity
T192K,0.9925046700458489,0.829008118665667,-0.08694614412303159,Reduced Amyloidogenicity
N171P,1.0438426230653817,0.8290447263233345,-0.08690953646536415,Reduced Amyloidogenicity
N181R,1.0438426230653817,0.8366939585599842,-0.07926030422871444,Reduced Amyloidogenicity
V189D,0.9925046700458489,0.8385422398857028,-0.07741202290299587,Reduced Amyloidogenicity
N171E,1.0438426230653817,0.8395958640582039,-0.07635839873049477,Reduced Amyloidogenicity
N171D,1.0438426230653817,0.8445810820615507,-0.07137318072714793,Reduced Amyloidogenicity
I184P,1.0438426230653817,0.8459051965791047,-0.07004906620959395,Reduced Amyloidogenicity
I184R,1.0438426230653817,0.8498028692039057,-0.06615139358479294,Reduced Amyloidogenicity
H187P,1.0438426230653817,0.8508439911251571,-0.06511027166354155,Reduced Amyloidogenicity
T183K,1.0438426230653817,0.8519254157456017,-0.06402884704309697,Reduced Amyloidogenicity
T190D,0.9925046700458489,0.8523542571436707,-0.06360000564502788,Reduced Amyloidogenicity
H187R,1.0438426230653817,0.8524408602181182,-0.06351340257058047,Reduced Amyloidogenicity
V180E,1.0438426230653817,0.852625175267556,-0.06332908752114264,Reduced Amyloidogenicity
T191D,0.9925046700458489,0.8529964799100014,-0.06295778287869724,Reduced Amyloidogenicity
I184K,1.0438426230653817,0.8572675081775993,-0.05868675461109929,Reduced Amyloidogenicity
F175R,1.0438426230653817,0.8579157803513366,-0.05803848243736198,Reduced Amyloidogenicity
F175K,1.0438426230653817,0.8580231558229677,-0.057931106965730894,Reduced Amyloidogenicity
T193P,0.9925046700458489,0.8582801931433444,-0.057674069645354265,Reduced Amyloidogenicity
H187K,1.0438426230653817,0.8585637869265763,-0.057390475862122314,Reduced Amyloidogenicity
T193R,0.9925046700458489,0.8590206534209546,-0.056933609367744054,Reduced Amyloidogenicity
T188D,0.9925046700458489,0.860025522613687,-0.05592874017501159,Reduced Amyloidogenicity
F175P,1.0438426230653817,0.8625206750632031,-0.05343358772549556,Reduced Amyloidogenicity
V176R,1.0438426230653817,0.8631235256933056,-0.05283073709539299,Reduced Amyloidogenicity
V176K,1.0438426230653817,0.8633506899059548,-0.052603572882743865,Reduced Amyloidogenicity
V176E,1.0438426230653817,0.8656275297406313,-0.05032673304806734,Reduced Amyloidogenicity
T193K,0.9925046700458489,0.8665835168326422,-0.049370745956056394,Reduced Amyloidogenicity
V176P,1.0438426230653817,0.8668761532189412,-0.049078109569757444,Reduced Amyloidogenicity
F175E,1.0438426230653817,0.8671179734729062,-0.048836289315792425,Reduced Amyloidogenicity
V180D,1.0438426230653817,0.8686048411994902,-0.04734942158920841,Reduced Amyloidogenicity
V176D,1.0438426230653817,0.8711960122132522,-0.04475825057544647,Reduced Amyloidogenicity
I182E,1.0438426230653817,0.875186503667684,-0.0407677591210146,Reduced Amyloidogenicity
T192E,0.9925046700458489,0.8763966334690609,-0.03955762931963769,Reduced Amyloidogenicity
F175D,1.0438426230653817,0.8768106618072353,-0.0391436009814633,Reduced Amyloidogenicity
I184E,1.0438426230653817,0.8783454350701384,-0.03760882771856022,Reduced Amyloidogenicity
D178P,1.0438426230653817,0.8790204459443433,-0.03693381684435537,Reduced Amyloidogenicity
S170R,1.0438426230653817,0.8794979888389733,-0.03645627394972528,Reduced Amyloidogenicity
S170K,1.0438426230653817,0.8801373114695124,-0.035816951319186274,Reduced Amyloidogenicity
Q186P,1.0438426230653817,0.8804801187459704,-0.035474144042728195,Reduced Amyloidogenicity
H177R,1.0438426230653817,0.8807646124500353,-0.03518965033866328,Reduced Amyloidogenicity
Q186R,1.0438426230653817,0.8813075185466851,-0.03464674424201353,Reduced Amyloidogenicity
H177K,1.0438426230653817,0.881376695447457,-0.03457756734124162,Reduced Amyloidogenicity
I184D,1.0438426230653817,0.8814926416200768,-0.03446162116862184,Reduced Amyloidogenicity
N181K,1.0438426230653817,0.8818821009300996,-0.03407216185859907,Reduced Amyloidogenicity
D178R,1.0438426230653817,0.8821698917069558,-0.033784371081742814,Reduced Amyloidogenicity
H177P,1.0438426230653817,0.8824436707226228,-0.03351059206607587,Reduced Amyloidogenicity
Q186K,1.0438426230653817,0.8828898863714597,-0.033064376417238917,Reduced Amyloidogenicity
S170P,1.0438426230653817,0.8831955579057991,-0.03275870488289956,Reduced Amyloidogenicity
T192D,0.9925046700458489,0.8834916733196523,-0.032462589469046343,Reduced Amyloidogenicity
S170E,1.0438426230653817,0.8842577287043086,-0.03169653408438999,Reduced Amyloidogenicity
S170D,1.0438426230653817,0.8862775018799637,-0.029676760908734945,Reduced Amyloidogenicity
I182D,1.0438426230653817,0.8878687520966638,-0.0280855106920348,Reduced Amyloidogenicity
C179E,1.0438426230653817,0.889787813674455,-0.026166449114243595,Reduced Amyloidogenicity
D178K,1.0438426230653817,0.8898283283863085,-0.026125934402390083,Reduced Amyloidogenicity
T193E,0.9925046700458489,0.890783501615756,-0.02517076117294259,Reduced Amyloidogenicity
T183E,1.0438426230653817,0.8929388797931641,-0.023015382995534517,Reduced Amyloidogenicity
T193D,0.9925046700458489,0.8937480716782956,-0.022206191110403006,Reduced Amyloidogenicity
K185P,1.0438426230653817,0.8946336165507467,-0.021320646237951935,Reduced Amyloidogenicity
H187E,1.0438426230653817,0.8997492599027175,-0.016205002885981146,Reduced Amyloidogenicity
Q186E,1.0438426230653817,0.9013667722759873,-0.014587490512711354,Reduced Amyloidogenicity
N181E,1.0438426230653817,0.9021180025609891,-0.013836260227709563,Reduced Amyloidogenicity
K185R,1.0438426230653817,0.9032522792124626,-0.012701983576235976,Reduced Amyloidogenicity
T183D,1.0438426230653817,0.9047856342394317,-0.011168628549266923,Reduced Amyloidogenicity
H187D,1.0438426230653817,0.9075425504569067,-0.008411712331791943,Reduced Amyloidogenicity
Q186D,1.0438426230653817,0.9085594245703792,-0.007394838218319433,Reduced Amyloidogenicity
H177E,1.0438426230653817,0.9088948094189073,-0.007059453369791302,Reduced Amyloidogenicity
C179D,1.0438426230653817,0.9093171804315001,-0.006637082357198509,Reduced Amyloidogenicity
D178E,1.0438426230653817,0.910372037058281,-0.005582225730417667,Reduced Amyloidogenicity
N181D,1.0438426230653817,0.9129642043054776,-0.002990058483220981,Reduced Amyloidogenicity
H177D,1.0438426230653817,0.9148885103842851,-0.0010657524044135336,Reduced Amyloidogenicity
K185E,1.0438426230653817,0.92689872124839,0.010944458459691386,Increased Amyloidogenicity
K185D,1.0438426230653817,0.9340835936536764,0.01812933086497781,Increased Amyloidogenicity
