Name;Class;Probability
Wildtype_Abeta_42;AMY;0.952
A2G_Abeta42;AMY;0.955
A2T_Icelandic_Abeta42;AMY;0.954
A2V_Abeta42;AMY;0.947
E3G_Abeta42;AMY;0.941
E3K_Abeta42;AMY;0.960
E3Q_Abeta42;AMY;0.954
F4I_Abeta42;AMY;0.942
R5L_Abeta42;AMY;0.960
R5P_Abeta42;AMY;0.962
R5Q_Abeta42;AMY;0.953
H6Q_Abeta42;AMY;0.959
H6R_Abeta42;AMY;0.914
D7E_Abeta42;AMY;0.946
D7H_Abeta42;AMY;0.966
D7N_Abeta42;AMY;0.951
G9A_Abeta42;AMY;0.950
G9E_Abeta42;AMY;0.947
G9V_Abeta42;AMY;0.949
E11K_Abeta42;AMY;0.956
V12I_Abeta42;AMY;0.938
H13L_Abeta42;AMY;0.942
H13P_Abeta42;AMY;0.940
H14R_Abeta42;AMY;0.943
Q15E_Abeta42;AMY;0.957
K16N_Abeta42;AMY;0.948
K16R_Abeta42;AMY;0.937
L17V_Abeta42;AMY;0.940
V18M_Abeta42;AMY;0.957
F19L_Abeta42;AMY;0.940
F20L_Abeta42;AMY;0.937
A21G_Abeta42;AMY;0.952
A21S_Abeta42;AMY;0.964
A21T_Abeta42;AMY;0.955
E22D_Abeta42;AMY;0.944
E22G_Arctic_Abeta42;AMY;0.944
E22K_Abeta42;AMY;0.936
E22Q_Dutch_Abeta42;AMY;0.959
D23N_Iowa_Abeta42;AMY;0.953
V24A_Abeta42;AMY;0.944
V24G_Abeta42;AMY;0.952
V24M_Abeta42;AMY;0.955
G25D_Abeta42;AMY;0.947
G25S_Abeta42;AMY;0.962
K28R_Abeta42;AMY;0.937
A30V_Abeta42;AMY;0.950
I31M_Abeta42;AMY;0.964
I31V_Abeta42;AMY;0.945
I32V_Abeta42;AMY;0.947
G33R_Abeta42;AMY;0.935
L34V_Abeta42;AMY;0.939
M35T_Abeta42;AMY;0.947
V36M_Abeta42;AMY;0.962
G38C_Abeta42;AMY;0.974
G38S_Abeta42;AMY;0.975
G38V_Abeta42;AMY;0.953
V39I_Abeta42;AMY;0.946
I41V_Abeta42;AMY;0.947
A42T_Abeta42;AMY;0.952
A42V_Abeta42;AMY;0.947
R5G_Abeta42;AMY;0.959
Y10F_Abeta42;AMY;0.949
H13R_Abeta42;AMY;0.949
V24C_Abeta42;AMY;0.947
M35L_Abeta42;AMY;0.948
M35V_Abeta42;AMY;0.940
