Protein name;Length;# Amyloids;Best Energy;% Disorder;% α-Helix;% β-Strand;% Coil
V36M_Abeta42;42;10;-7,035095;28,57;0,00;54,76;45,24
I31M_Abeta42;42;13;-7,066731;28,57;0,00;57,14;42,86
M35T_Abeta42;42;20;-8,762764;28,57;0,00;59,52;40,48
V39I_Abeta42;42;20;-8,829018;28,57;0,00;57,14;42,86
Wildtype_Abeta_42;42;20;-8,860653;28,57;0,00;57,14;42,86
V18M_Abeta42;42;20;-8,860653;28,57;0,00;57,14;42,86
E22G_Arctic_Abeta42;42;20;-8,860653;28,57;0,00;57,14;42,86
H13P_Abeta42;42;20;-8,860653;26,19;0,00;47,62;52,38
V24G_Abeta42;42;20;-8,860653;28,57;0,00;59,52;40,48
F20L_Abeta42;42;20;-8,860653;28,57;0,00;57,14;42,86
K28R_Abeta42;42;20;-8,860653;28,57;0,00;57,14;42,86
D7H_Abeta42;42;20;-8,860653;26,19;0,00;57,14;42,86
R5L_Abeta42;42;20;-8,860653;14,28;0,00;57,14;42,86
H14R_Abeta42;42;20;-8,860653;26,19;0,00;59,52;40,48
D23N_Iowa_Abeta42;42;20;-8,860653;28,57;0,00;57,14;42,86
E3G_Abeta42;42;20;-8,860653;21,42;0,00;52,38;47,62
L17V_Abeta42;42;20;-8,860653;28,57;0,00;57,14;42,86
F19L_Abeta42;42;20;-8,860653;28,57;0,00;57,14;42,86
E22D_Abeta42;42;20;-8,860653;28,57;0,00;54,76;45,24
V24A_Abeta42;42;20;-8,860653;28,57;0,00;59,52;40,48
R5P_Abeta42;42;20;-8,860653;23,80;0,00;52,38;47,62
A2G_Abeta42;42;20;-8,860653;23,80;0,00;57,14;42,86
Q15E_Abeta42;42;20;-8,860653;28,57;0,00;54,76;45,24
H13L_Abeta42;42;20;-8,860653;21,42;0,00;52,38;47,62
H6R_Abeta42;42;20;-8,860653;28,57;0,00;57,14;42,86
Y10F_Abeta42;42;20;-8,860653;21,42;0,00;57,14;42,86
D7E_Abeta42;42;20;-8,860653;28,57;0,00;57,14;42,86
E11K_Abeta42;42;20;-8,860653;21,42;0,00;59,52;40,48
A21S_Abeta42;42;20;-8,860653;28,57;0,00;57,14;42,86
E3Q_Abeta42;42;20;-8,860653;23,80;0,00;57,14;42,86
R5G_Abeta42;42;20;-8,860653;23,80;0,00;50,00;50,00
G25S_Abeta42;42;20;-8,860653;28,57;0,00;57,14;42,86
D7N_Abeta42;42;20;-8,860653;26,19;0,00;57,14;42,86
A2T_Icelandic_Abeta42;42;20;-8,860653;21,42;0,00;54,76;45,24
K16R_Abeta42;42;20;-8,860653;28,57;0,00;59,52;40,48
V24C_Abeta42;42;20;-8,860653;28,57;0,00;57,14;42,86
F4I_Abeta42;42;20;-8,860653;26,19;0,00;59,52;40,48
K16N_Abeta42;42;20;-8,860653;28,57;0,00;54,76;45,24
G9E_Abeta42;42;20;-8,860653;26,19;0,00;52,38;47,62
E22Q_Dutch_Abeta42;42;20;-8,860653;28,57;0,00;57,14;42,86
V24M_Abeta42;42;20;-8,860653;28,57;0,00;57,14;42,86
H6Q_Abeta42;42;20;-8,860653;28,57;0,00;54,76;45,24
E3K_Abeta42;42;20;-8,860653;14,28;0,00;57,14;42,86
A21T_Abeta42;42;20;-8,860653;28,57;0,00;59,52;40,48
V12I_Abeta42;42;20;-8,860653;28,57;0,00;57,14;42,86
A2V_Abeta42;42;20;-8,860653;9,52;0,00;61,90;38,10
G9A_Abeta42;42;20;-8,860653;19,04;0,00;50,00;50,00
E22K_Abeta42;42;20;-8,860653;28,57;0,00;57,14;42,86
R5Q_Abeta42;42;20;-8,860653;28,57;0,00;57,14;42,86
A21G_Abeta42;42;20;-8,860653;28,57;0,00;57,14;42,86
H13R_Abeta42;42;20;-8,860653;23,80;0,00;59,52;40,48
G9V_Abeta42;42;20;-8,860653;14,28;0,00;54,76;45,24
G25D_Abeta42;42;20;-8,860653;28,57;0,00;57,14;42,86
I32V_Abeta42;42;20;-8,892289;28,57;0,00;57,14;42,86
I31V_Abeta42;42;20;-8,892289;28,57;0,00;57,14;42,86
I41V_Abeta42;42;20;-8,892289;28,57;0,00;57,14;42,86
A42T_Abeta42;42;20;-8,941392;28,57;0,00;57,14;42,86
G33R_Abeta42;42;20;-8,946406;28,57;0,00;54,76;45,24
M35L_Abeta42;42;20;-9,438744;28,57;0,00;57,14;42,86
G38S_Abeta42;42;20;-9,529709;28,57;0,00;59,52;40,48
L34V_Abeta42;42;20;-10,108120;28,57;0,00;59,52;40,48
G38C_Abeta42;42;20;-10,266101;28,57;0,00;59,52;40,48
M35V_Abeta42;42;20;-10,686211;28,57;0,00;61,90;38,10
A42V_Abeta42;42;20;-10,864839;28,57;0,00;57,14;42,86
A30V_Abeta42;42;20;-10,864839;28,57;0,00;59,52;40,48
G38V_Abeta42;42;20;-12,199807;28,57;0,00;59,52;40,48
