Input name,Amyloid probability,Is amyloid?
Wildtype_Abeta_42,0.810207903487981,yes
A2G_Abeta42,0.810207903487981,yes
A2T_Icelandic_Abeta42,0.810207903487981,yes
A2V_Abeta42,0.810207903487981,yes
E3G_Abeta42,0.810207903487981,yes
E3K_Abeta42,0.810207903487981,yes
E3Q_Abeta42,0.810207903487981,yes
F4I_Abeta42,0.810207903487981,yes
R5L_Abeta42,0.810207903487981,yes
R5P_Abeta42,0.810207903487981,yes
R5Q_Abeta42,0.810207903487981,yes
H6Q_Abeta42,0.810207903487981,yes
H6R_Abeta42,0.810207903487981,yes
D7E_Abeta42,0.810207903487981,yes
D7H_Abeta42,0.810207903487981,yes
D7N_Abeta42,0.810207903487981,yes
G9A_Abeta42,0.810207903487981,yes
G9E_Abeta42,0.810207903487981,yes
G9V_Abeta42,0.810207903487981,yes
E11K_Abeta42,0.810207903487981,yes
V12I_Abeta42,0.810207903487981,yes
H13L_Abeta42,0.810207903487981,yes
H13P_Abeta42,0.810207903487981,yes
H14R_Abeta42,0.810207903487981,yes
Q15E_Abeta42,0.810207903487981,yes
K16N_Abeta42,0.797714231671085,yes
K16R_Abeta42,0.810207903487981,yes
L17V_Abeta42,0.810207903487981,yes
V18M_Abeta42,0.772033785323771,yes
F19L_Abeta42,0.772033785323771,yes
F20L_Abeta42,0.772033785323771,yes
A21G_Abeta42,0.862251739569173,yes
A21S_Abeta42,0.887607424013895,yes
A21T_Abeta42,0.887607424013895,yes
E22D_Abeta42,0.810207903487981,yes
E22G_Arctic_Abeta42,0.810207903487981,yes
E22K_Abeta42,0.810207903487981,yes
E22Q_Dutch_Abeta42,0.810207903487981,yes
D23N_Iowa_Abeta42,0.810207903487981,yes
V24A_Abeta42,0.810207903487981,yes
V24G_Abeta42,0.810207903487981,yes
V24M_Abeta42,0.810207903487981,yes
G25D_Abeta42,0.810207903487981,yes
G25S_Abeta42,0.810207903487981,yes
K28R_Abeta42,0.810207903487981,yes
A30V_Abeta42,0.810207903487981,yes
I31M_Abeta42,0.810207903487981,yes
I31V_Abeta42,0.810207903487981,yes
I32V_Abeta42,0.810207903487981,yes
G33R_Abeta42,0.810207903487981,yes
L34V_Abeta42,0.810207903487981,yes
M35T_Abeta42,0.810207903487981,yes
V36M_Abeta42,0.810207903487981,yes
G38C_Abeta42,0.810207903487981,yes
G38S_Abeta42,0.810207903487981,yes
G38V_Abeta42,0.810207903487981,yes
V39I_Abeta42,0.810207903487981,yes
I41V_Abeta42,0.810207903487981,yes
A42T_Abeta42,0.810207903487981,yes
A42V_Abeta42,0.810207903487981,yes
R5G_Abeta42,0.810207903487981,yes
Y10F_Abeta42,0.810207903487981,yes
H13R_Abeta42,0.810207903487981,yes
V24C_Abeta42,0.810207903487981,yes
M35L_Abeta42,0.810207903487981,yes
M35V_Abeta42,0.810207903487981,yes
