"","Input name","Amyloid probability","Is amyloid?"
"1","Wildtype_Abeta_42",0.810207903487981,"yes"
"2","A2G_Abeta42",0.810207903487981,"yes"
"3","A2T_Icelandic_Abeta42",0.810207903487981,"yes"
"4","A2V_Abeta42",0.810207903487981,"yes"
"5","E3G_Abeta42",0.810207903487981,"yes"
"6","E3K_Abeta42",0.810207903487981,"yes"
"7","E3Q_Abeta42",0.810207903487981,"yes"
"8","F4I_Abeta42",0.810207903487981,"yes"
"9","R5L_Abeta42",0.810207903487981,"yes"
"10","R5P_Abeta42",0.810207903487981,"yes"
"11","R5Q_Abeta42",0.810207903487981,"yes"
"12","H6Q_Abeta42",0.810207903487981,"yes"
"13","H6R_Abeta42",0.810207903487981,"yes"
"14","D7E_Abeta42",0.810207903487981,"yes"
"15","D7H_Abeta42",0.810207903487981,"yes"
"16","D7N_Abeta42",0.810207903487981,"yes"
"17","G9A_Abeta42",0.810207903487981,"yes"
"18","G9E_Abeta42",0.810207903487981,"yes"
"19","G9V_Abeta42",0.810207903487981,"yes"
"20","E11K_Abeta42",0.810207903487981,"yes"
"21","V12I_Abeta42",0.810207903487981,"yes"
"22","H13L_Abeta42",0.810207903487981,"yes"
"23","H13P_Abeta42",0.810207903487981,"yes"
"24","H14R_Abeta42",0.810207903487981,"yes"
"25","Q15E_Abeta42",0.810207903487981,"yes"
"26","K16N_Abeta42",0.797714231671085,"yes"
"27","K16R_Abeta42",0.810207903487981,"yes"
"28","L17V_Abeta42",0.810207903487981,"yes"
"29","V18M_Abeta42",0.772033785323771,"yes"
"30","F19L_Abeta42",0.772033785323771,"yes"
"31","F20L_Abeta42",0.772033785323771,"yes"
"32","A21G_Abeta42",0.862251739569173,"yes"
"33","A21S_Abeta42",0.887607424013895,"yes"
"34","A21T_Abeta42",0.887607424013895,"yes"
"35","E22D_Abeta42",0.810207903487981,"yes"
"36","E22G_Arctic_Abeta42",0.810207903487981,"yes"
"37","E22K_Abeta42",0.810207903487981,"yes"
"38","E22Q_Dutch_Abeta42",0.810207903487981,"yes"
"39","D23N_Iowa_Abeta42",0.810207903487981,"yes"
"40","V24A_Abeta42",0.810207903487981,"yes"
"41","V24G_Abeta42",0.810207903487981,"yes"
"42","V24M_Abeta42",0.810207903487981,"yes"
"43","G25D_Abeta42",0.810207903487981,"yes"
"44","G25S_Abeta42",0.810207903487981,"yes"
"45","K28R_Abeta42",0.810207903487981,"yes"
"46","A30V_Abeta42",0.810207903487981,"yes"
"47","I31M_Abeta42",0.810207903487981,"yes"
"48","I31V_Abeta42",0.810207903487981,"yes"
"49","I32V_Abeta42",0.810207903487981,"yes"
"50","G33R_Abeta42",0.810207903487981,"yes"
