mutation,Na4vSS,delta_aggre,effect
I182D,-29.4,-1.7999999999999972,Reduced Amyloidogenicity
I184D,-29.4,-1.7999999999999972,Reduced Amyloidogenicity
F175D,-29.3,-1.6999999999999993,Reduced Amyloidogenicity
V176D,-29.3,-1.6999999999999993,Reduced Amyloidogenicity
V180D,-29.3,-1.6999999999999993,Reduced Amyloidogenicity
V189D,-29.3,-1.6999999999999993,Reduced Amyloidogenicity
I182E,-29.2,-1.5999999999999979,Reduced Amyloidogenicity
I184E,-29.2,-1.5999999999999979,Reduced Amyloidogenicity
F175E,-29.1,-1.5,Reduced Amyloidogenicity
F175R,-29.1,-1.5,Reduced Amyloidogenicity
V176E,-29.1,-1.5,Reduced Amyloidogenicity
V180E,-29.1,-1.5,Reduced Amyloidogenicity
I182R,-29.1,-1.5,Reduced Amyloidogenicity
I184R,-29.1,-1.5,Reduced Amyloidogenicity
V189E,-29.1,-1.5,Reduced Amyloidogenicity
V176R,-29,-1.3999999999999986,Reduced Amyloidogenicity
V180R,-29,-1.3999999999999986,Reduced Amyloidogenicity
V189R,-29,-1.3999999999999986,Reduced Amyloidogenicity
F175K,-28.9,-1.2999999999999972,Reduced Amyloidogenicity
I182K,-28.9,-1.2999999999999972,Reduced Amyloidogenicity
I184K,-28.9,-1.2999999999999972,Reduced Amyloidogenicity
V176K,-28.8,-1.1999999999999993,Reduced Amyloidogenicity
C179D,-28.8,-1.1999999999999993,Reduced Amyloidogenicity
V180K,-28.8,-1.1999999999999993,Reduced Amyloidogenicity
V189K,-28.8,-1.1999999999999993,Reduced Amyloidogenicity
I182P,-28.7,-1.0999999999999979,Reduced Amyloidogenicity
I184P,-28.7,-1.0999999999999979,Reduced Amyloidogenicity
F175P,-28.6,-1,Reduced Amyloidogenicity
C179E,-28.6,-1,Reduced Amyloidogenicity
V176P,-28.5,-0.8999999999999986,Reduced Amyloidogenicity
C179R,-28.5,-0.8999999999999986,Reduced Amyloidogenicity
V180P,-28.5,-0.8999999999999986,Reduced Amyloidogenicity
V189P,-28.5,-0.8999999999999986,Reduced Amyloidogenicity
S170D,-28.4,-0.7999999999999972,Reduced Amyloidogenicity
C179K,-28.4,-0.7999999999999972,Reduced Amyloidogenicity
T183D,-28.4,-0.7999999999999972,Reduced Amyloidogenicity
T188D,-28.4,-0.7999999999999972,Reduced Amyloidogenicity
T190D,-28.4,-0.7999999999999972,Reduced Amyloidogenicity
T191D,-28.4,-0.7999999999999972,Reduced Amyloidogenicity
T192D,-28.4,-0.7999999999999972,Reduced Amyloidogenicity
T193D,-28.4,-0.7999999999999972,Reduced Amyloidogenicity
S170E,-28.2,-0.5999999999999979,Reduced Amyloidogenicity
T183E,-28.2,-0.5999999999999979,Reduced Amyloidogenicity
T188E,-28.2,-0.5999999999999979,Reduced Amyloidogenicity
T190E,-28.2,-0.5999999999999979,Reduced Amyloidogenicity
T191E,-28.2,-0.5999999999999979,Reduced Amyloidogenicity
T192E,-28.2,-0.5999999999999979,Reduced Amyloidogenicity
T193E,-28.2,-0.5999999999999979,Reduced Amyloidogenicity
S170R,-28.1,-0.5,Reduced Amyloidogenicity
C179P,-28.1,-0.5,Reduced Amyloidogenicity
T183R,-28.1,-0.5,Reduced Amyloidogenicity
T188R,-28.1,-0.5,Reduced Amyloidogenicity
T190R,-28.1,-0.5,Reduced Amyloidogenicity
T191R,-28.1,-0.5,Reduced Amyloidogenicity
T192R,-28.1,-0.5,Reduced Amyloidogenicity
T193R,-28.1,-0.5,Reduced Amyloidogenicity
H177D,-28,-0.3999999999999986,Reduced Amyloidogenicity
T183K,-28,-0.3999999999999986,Reduced Amyloidogenicity
K185D,-28,-0.3999999999999986,Reduced Amyloidogenicity
H187D,-28,-0.3999999999999986,Reduced Amyloidogenicity
T188K,-28,-0.3999999999999986,Reduced Amyloidogenicity
T190K,-28,-0.3999999999999986,Reduced Amyloidogenicity
T191K,-28,-0.3999999999999986,Reduced Amyloidogenicity
T192K,-28,-0.3999999999999986,Reduced Amyloidogenicity
T193K,-28,-0.3999999999999986,Reduced Amyloidogenicity
S170K,-27.9,-0.29999999999999716,Reduced Amyloidogenicity
N171D,-27.9,-0.29999999999999716,Reduced Amyloidogenicity
Q172D,-27.9,-0.29999999999999716,Reduced Amyloidogenicity
N173D,-27.9,-0.29999999999999716,Reduced Amyloidogenicity
N174D,-27.9,-0.29999999999999716,Reduced Amyloidogenicity
N181D,-27.9,-0.29999999999999716,Reduced Amyloidogenicity
Q186D,-27.9,-0.29999999999999716,Reduced Amyloidogenicity
H177E,-27.8,-0.1999999999999993,Reduced Amyloidogenicity
K185E,-27.8,-0.1999999999999993,Reduced Amyloidogenicity
K185R,-27.8,-0.1999999999999993,Reduced Amyloidogenicity
H187E,-27.8,-0.1999999999999993,Reduced Amyloidogenicity
N171E,-27.7,-0.09999999999999787,Reduced Amyloidogenicity
Q172E,-27.7,-0.09999999999999787,Reduced Amyloidogenicity
N173E,-27.7,-0.09999999999999787,Reduced Amyloidogenicity
N174E,-27.7,-0.09999999999999787,Reduced Amyloidogenicity
H177R,-27.7,-0.09999999999999787,Reduced Amyloidogenicity
N181E,-27.7,-0.09999999999999787,Reduced Amyloidogenicity
T183P,-27.7,-0.09999999999999787,Reduced Amyloidogenicity
Q186E,-27.7,-0.09999999999999787,Reduced Amyloidogenicity
H187R,-27.7,-0.09999999999999787,Reduced Amyloidogenicity
T188P,-27.7,-0.09999999999999787,Reduced Amyloidogenicity
T190P,-27.7,-0.09999999999999787,Reduced Amyloidogenicity
T191P,-27.7,-0.09999999999999787,Reduced Amyloidogenicity
T192P,-27.7,-0.09999999999999787,Reduced Amyloidogenicity
T193P,-27.7,-0.09999999999999787,Reduced Amyloidogenicity
S170P,-27.6,0,Neutral
N171R,-27.6,0,Neutral
Q172R,-27.6,0,Neutral
N173R,-27.6,0,Neutral
N174R,-27.6,0,Neutral
H177K,-27.6,0,Neutral
N181R,-27.6,0,Neutral
Q186R,-27.6,0,Neutral
H187K,-27.6,0,Neutral
Q172K,-27.5,0.10000000000000142,Increased Amyloidogenicity
Q186K,-27.5,0.10000000000000142,Increased Amyloidogenicity
N171K,-27.4,0.20000000000000284,Increased Amyloidogenicity
N173K,-27.4,0.20000000000000284,Increased Amyloidogenicity
N174K,-27.4,0.20000000000000284,Increased Amyloidogenicity
D178E,-27.4,0.20000000000000284,Increased Amyloidogenicity
N181K,-27.4,0.20000000000000284,Increased Amyloidogenicity
H177P,-27.3,0.3000000000000007,Increased Amyloidogenicity
D178R,-27.3,0.3000000000000007,Increased Amyloidogenicity
K185P,-27.3,0.3000000000000007,Increased Amyloidogenicity
H187P,-27.3,0.3000000000000007,Increased Amyloidogenicity
Q172P,-27.2,0.40000000000000213,Increased Amyloidogenicity
D178K,-27.2,0.40000000000000213,Increased Amyloidogenicity
Q186P,-27.2,0.40000000000000213,Increased Amyloidogenicity
N171P,-27.1,0.5,Increased Amyloidogenicity
N173P,-27.1,0.5,Increased Amyloidogenicity
N174P,-27.1,0.5,Increased Amyloidogenicity
N181P,-27.1,0.5,Increased Amyloidogenicity
D178P,-26.9,0.7000000000000028,Increased Amyloidogenicity
