mutation,delta_pasta,delta_tango,delta_amylo,delta_aggre,delta_appnn,aligned_pasta,aligned_tango,aligned_amylo,aligned_aggre,aligned_appnn,z_pasta,z_tango,z_amylo,z_aggre,z_appnn,Integrative_Score
V180R,2.395684,-6.321,-0.00183058424063153,-1.3999999999999986,-0.20260858526600423,-2.395684,-6.321,-0.00183058424063153,-1.3999999999999986,-0.20260858526600423,-1.9012279106278471,-1.6169674952382787,-1.8730922498027658,-1.403652268633289,-1.41547123995568,-1.642082232851572
V180K,2.4273680000000004,-6.321,-0.00183058424063153,-1.1999999999999993,-0.1864067257827744,-2.4273680000000004,-6.321,-0.00183058424063153,-1.1999999999999993,-0.1864067257827744,-1.9390810452231702,-1.6169674952382787,-1.8730922498027658,-1.0857425417643303,-1.210108597477628,-1.5449983859012346
V180P,2.596799,-6.321,-0.00183058424063153,-0.8999999999999986,-0.2058219303028238,-2.596799,-6.321,-0.00183058424063153,-0.8999999999999986,-0.2058219303028238,-2.1415016501853,-1.6169674952382787,-1.8730922498027658,-0.6088779514608893,-1.4562011962078032,-1.5393281085790074
I182R,2.3188260000000005,-6.321,-0.00183058424063153,-1.5,-0.12952685060861446,-2.3188260000000005,-6.321,-0.00183058424063153,-1.5,-0.12952685060861446,-1.8094050278249398,-1.6169674952382787,-1.8730922498027658,-1.5626071320677712,-0.48914187870822023,-1.470242756728395
I182P,2.7886230000000003,-6.321,-0.00183058424063153,-1.099999999999998,-0.13398607993759626,-2.7886230000000003,-6.321,-0.00183058424063153,-1.099999999999998,-0.13398607993759626,-2.3706753558605063,-1.6169674952382787,-1.8730922498027658,-0.9267876783298484,-0.545663731608081,-1.466637302167896
I182D,2.6698640000000005,-6.321,-0.00183058424063153,-1.7999999999999972,-0.0280855106920348,-2.6698640000000005,-6.321,-0.00183058424063153,-1.7999999999999972,-0.0280855106920348,-2.2287930047872218,-1.6169674952382787,-1.8730922498027658,-2.039471722371206,0.7966526094705022,-1.392334372545794
I182K,2.366827,-6.321,-0.00183058424063153,-1.2999999999999972,-0.11346057611781268,-2.366827,-6.321,-0.00183058424063153,-1.2999999999999972,-0.11346057611781268,-1.8667522161127212,-1.6169674952382787,-1.8730922498027658,-1.244697405198807,-0.2854978100984464,-1.3774014352902038
V180D,2.534415,-6.321,-0.00183058424063153,-1.6999999999999993,-0.04734942158920841,-2.534415,-6.321,-0.00183058424063153,-1.6999999999999993,-0.04734942158920841,-2.0669709738630364,-1.6169674952382787,-1.8730922498027658,-1.8805168589367298,0.552477695449049,-1.3770139764783522
V180E,2.533606,-6.321,-0.00183058424063153,-1.5,-0.06332908752114264,-2.533606,-6.321,-0.00183058424063153,-1.5,-0.06332908752114264,-2.06600445492958,-1.6169674952382787,-1.8730922498027658,-1.5626071320677712,0.3499314120983478,-1.3537479839880096
I182E,2.591152,-6.321,-0.00183058424063153,-1.599999999999998,-0.0407677591210146,-2.591152,-6.321,-0.00183058424063153,-1.599999999999998,-0.0407677591210146,-2.1347551329823027,-1.6169674952382787,-1.8730922498027658,-1.7215619955022483,0.6359019220179768,-1.3420949903015238
N181P,2.547967,-6.321,-0.00183058424063153,0.5,-0.11977905934615451,-2.547967,-6.321,-0.00183058424063153,0.5,-0.11977905934615451,-2.0831616593836713,-1.6169674952382787,-1.8730922498027658,1.6164901366218276,-0.3655861736328065,-0.8644634882871389
I184D,2.102117,-6.321,0,-1.7999999999999972,-0.03446162116862184,-2.102117,-6.321,0,-1.7999999999999972,-0.03446162116862184,-1.5505010086033186,-1.6169674952382787,0.5293521575529555,-2.039471722371206,0.7158338060757901,-0.7923508525168116
C179R,1.1766259999999995,-3.891,-0.00183058424063153,-0.8999999999999986,-0.11174772819008572,-1.1766259999999995,-3.891,-0.00183058424063153,-0.8999999999999986,-0.11174772819008572,-0.4448093222707863,-0.7297618013747247,-1.8730922498027658,-0.6088779514608893,-0.2637870319642971,-0.7840656713746926
I184R,2.0338320000000003,-6.321,0,-1.5,-0.06615139358479294,-2.0338320000000003,-6.321,0,-1.5,-0.06615139358479294,-1.468920359195365,-1.6169674952382787,0.5293521575529555,-1.5626071320677712,0.31415797314752975,-0.7609969711601859
C179K,1.2305210000000004,-3.89,-0.00183058424063153,-0.7999999999999972,-0.09904574461384964,-1.2305210000000004,-3.89,-0.00183058424063153,-0.7999999999999972,-0.09904574461384964,-0.5091981206868625,-0.7293966961509126,-1.8730922498027658,-0.4499230880264071,-0.10278619655841874,-0.7328792702450734
I184E,2.0753589999999997,-6.321,0,-1.599999999999998,-0.03760882771856022,-2.0753589999999997,-6.321,0,-1.599999999999998,-0.03760882771856022,-1.5185330065991005,-1.6169674952382787,0.5293521575529555,-1.7215619955022483,0.6759421717736552,-0.7303536336026033
I184K,2.062208,-6.321,0,-1.2999999999999972,-0.05868675461109929,-2.062208,-6.321,0,-1.2999999999999972,-0.05868675461109929,-1.5028213990664947,-1.6169674952382787,0.5293521575529555,-1.244697405198807,0.4087741489247058,-0.6852719986051838
I184P,2.146706,-6.321,0,-1.099999999999998,-0.07004906620959395,-2.146706,-6.321,0,-1.099999999999998,-0.07004906620959395,-1.6037718525141524,-1.6169674952382787,0.5293521575529555,-0.9267876783298484,0.2647539926617088,-0.6706841751735231
C179D,1.3326089999999997,-3.914,-0.00183058424063153,-1.1999999999999993,-0.0066370823571985,-1.3326089999999997,-3.914,-0.00183058424063153,-1.1999999999999993,-0.0066370823571985,-0.6311634913650374,-0.7381592215224044,-1.8730922498027658,-1.0857425417643303,1.0685168312533362,-0.6519281346402404
C179P,1.900024,-0.7589999999999995,-0.00183058424063153,-0.5,-0.12036639085180156,-1.900024,-0.7589999999999995,-0.00183058424063153,-0.5,-0.12036639085180156,-1.3090588444266813,0.41374775960496735,-1.8730922498027658,0.026941502277028132,-0.3730307481358219,-0.6228985160966547
C179E,1.1582179999999995,-3.9,-0.00183058424063153,-1,-0.02616644911424359,-1.1582179999999995,-3.9,-0.00183058424063153,-1,-0.02616644911424359,-0.4228171337330163,-0.7330477483890341,-1.8730922498027658,-0.7678328148953716,0.820977197466172,-0.5951625498708032
N181R,0.874511,-6.321,-0.00183058424063153,0,-0.07926030422871444,-0.874511,-6.321,-0.00183058424063153,0,-0.07926030422871444,-0.08387005455629491,-1.6169674952382787,-1.8730922498027658,0.8217158194494278,0.1479992348477136,-0.5208429490600396
T183P,2.501333,-6.321,0,-0.09999999999999788,-0.10173437434574584,-2.501333,-6.321,0,-0.09999999999999788,-0.10173437434574584,-2.0274476372047077,-1.6169674952382787,0.5293521575529555,0.6627609560149512,-0.13686525439488315,-0.5178334546539926
V189R,0.4381170000000001,-0.00199999999999977,0,-1.3999999999999986,-0.30101355839209143,-0.4381170000000001,-0.00199999999999977,0,-1.3999999999999986,-0.30101355839209143,0.43749343548888,0.690132414030774,0.5293521575529555,-1.403652268633289,-2.6627790156509645,-0.48189065544232884
T183E,2.146616,-6.321,0,-0.5999999999999979,-0.02301538299553451,-2.146616,-6.321,0,-0.5999999999999979,-0.02301538299553451,-1.6036643287761907,-1.6169674952382787,0.5293521575529555,-0.1320133611574484,0.8609177527728619,-0.3924750549692201
V189K,0.4394720000000003,-0.00199999999999977,0,-1.1999999999999993,-0.2872116362859536,-0.4394720000000003,-0.00199999999999977,0,-1.1999999999999993,-0.2872116362859536,0.43587460587845606,0.690132414030774,0.5293521575529555,-1.0857425417643303,-2.487836182828193,-0.3836439094260676
N181K,0.945995,-6.122,-0.00183058424063153,0.20000000000000284,-0.03407216185859907,-0.945995,-6.122,-0.00183058424063153,0.20000000000000284,-0.03407216185859907,-0.16927257549468838,-1.5443115556996585,-1.8730922498027658,1.1396255463183922,0.720770300749549,-0.3452561067858343
T183R,1.2671790000000005,-6.321,0,-0.5,-0.08889341654894534,-1.2671790000000005,-6.321,0,-0.5,-0.08889341654894534,-0.5529937338668698,-1.6169674952382787,0.5293521575529555,0.026941502277028132,0.025897114198033387,-0.3175540910154263
V189P,0.4423539999999999,0,0,-0.8999999999999986,-0.29444669148763436,-0.4423539999999999,0,0,-0.8999999999999986,-0.29444669148763436,0.4324314568472824,0.6908626244783982,0.5293521575529555,-0.6088779514608893,-2.579542326572352,-0.30715480783092103
T183D,1.50183,-6.321,0,-0.7999999999999972,-0.01116862854926692,-1.50183,-6.321,0,-0.7999999999999972,-0.01116862854926692,-0.8333332076052578,-1.6169674952382787,0.5293521575529555,-0.4499230880264071,1.011078343931694,-0.2719586578770588
T183K,1.3568040000000003,-6.321,0,-0.3999999999999986,-0.06402884704309697,-1.3568040000000003,-6.321,0,-0.3999999999999986,-0.06402884704309697,-0.6600694562537466,-1.6169674952382787,0.5293521575529555,0.18589636571151033,0.34106178422159295,-0.2441453288011933
D178P,1.5113820000000002,-4.933999999999999,-0.00183058424063153,0.7000000000000028,-0.03693381684435537,-1.5113820000000002,-4.933999999999999,-0.00183058424063153,0.7000000000000028,-0.03693381684435537,-0.8447450603275949,-1.1105665498108097,-1.8730922498027658,1.934399863490792,0.6844981043177939,-0.2419011784265169
V176D,1.5199660000000002,-0.06400000000000006,0,-1.6999999999999993,-0.04475825057544647,-1.5199660000000002,-0.06400000000000006,0,-1.6999999999999993,-0.04475825057544647,-0.8550004355127435,0.6674958901544198,0.5293521575529555,-1.8805168589367298,0.5853214395297504,-0.19066956144246955
V176E,1.5113060000000005,0.01700000000000034,0,-1.5,-0.05032673304806734,-1.5113060000000005,0.01700000000000034,0,-1.5,-0.05032673304806734,-0.8446542625044275,0.697069413283205,0.5293521575529555,-1.5626071320677712,0.5147395241419636,-0.13322005991881494
H177E,1.466684,-0.5729999999999995,-0.00183058424063153,-0.1999999999999993,-0.0070594533697913,-1.466684,-0.5729999999999995,-0.00183058424063153,-0.1999999999999993,-0.0070594533697913,-0.7913439932230075,0.4816573312340295,-1.8730922498027658,0.503806092580469,1.0631631724747268,-0.1231619293473096
T190R,0.3147099999999998,0,0,-0.5,-0.28080599429192876,-0.3147099999999998,0,0,-0.5,-0.28080599429192876,0.5849287902737877,0.6908626244783982,0.5293521575529555,0.026941502277028132,-2.40664306002504,-0.11491159708857407
V176R,1.4616030000000002,-0.0129999999999999,0,-1.3999999999999986,-0.05283073709539299,-1.4616030000000002,-0.0129999999999999,0,-1.3999999999999986,-0.05283073709539299,-0.7852736808609689,0.6861162565688401,0.5293521575529555,-1.403652268633289,0.4830006432766655,-0.09809137841915938
T191R,0.23650199999999977,0,0,-0.5,-0.28080599429192876,-0.23650199999999977,0,0,-0.5,-0.28080599429192876,0.6783645291461211,0.6908626244783982,0.5293521575529555,0.026941502277028132,-2.40664306002504,-0.0962244493141074
H177D,1.1412510000000005,-0.5649999999999995,-0.00183058424063153,-0.3999999999999986,-0.00106575240441353,-1.1412510000000005,-0.5649999999999995,-0.00183058424063153,-0.3999999999999986,-0.00106575240441353,-0.40254651971083455,0.48457817302452677,-1.8730922498027658,0.18589636571151033,1.1391348391681262,-0.09320587832188741
F175D,1.1331800000000003,0.02500000000000035,0,-1.6999999999999993,-0.0391436009814633,-1.1331800000000003,0.02500000000000035,0,-1.6999999999999993,-0.0391436009814633,-0.39290402983206746,0.6999902550737024,0.5293521575529555,-1.8805168589367298,0.6564885347883032,-0.07751798827076725
N181D,1.3782899999999998,-6.321,0,-0.29999999999999716,-0.00299005848322098,-1.3782899999999998,-6.321,0,-0.29999999999999716,-0.00299005848322098,-0.6857389566298066,-1.6169674952382787,0.5293521575529555,0.34485122914599253,1.1147437758034846,-0.0627518578731305
V189E,0.44144700000000014,0.03200000000000003,0,-1.5,-0.12343256669243464,-0.44144700000000014,0.03200000000000003,0,-1.5,-0.12343256669243464,0.43351505718429634,0.7025459916403874,0.5293521575529555,-1.5626071320677712,-0.4118952978244879,-0.06181784470292397
T188R,0.3901249999999994,-0.00599999999999933,0,-0.5,-0.25174130882112733,-0.3901249999999994,-0.00599999999999933,0,-0.5,-0.25174130882112733,0.4948298714028669,0.6886719931355255,0.5293521575529555,0.026941502277028132,-2.0382408641378706,-0.059689067953898924
F175R,1.1050760000000004,0,0,-1.5,-0.05803848243736198,-1.1050760000000004,0,0,-1.5,-0.05803848243736198,-0.3593279505912219,0.6908626244783982,0.5293521575529555,-1.5626071320677712,0.4169911617176809,-0.05694582778199171
H177R,0.991853,-0.5819999999999999,-0.00183058424063153,-0.09999999999999788,-0.03518965033866328,-0.991853,-0.5819999999999999,-0.00183058424063153,-0.09999999999999788,-0.03518965033866328,-0.22405950411078213,0.47837138421971986,-1.8730922498027658,0.6627609560149512,0.7066058533018774,-0.04988271207539988
F175E,1.1649840000000005,0.02500000000000035,0,-1.5,-0.04883628931579242,-1.1649840000000005,0.02500000000000035,0,-1.5,-0.04883628931579242,-0.4309005294113395,0.6999902550737024,0.5293521575529555,-1.5626071320677712,0.5336312731811184,-0.046106795134266895
N181E,1.436102,-6.321,0,-0.09999999999999788,-0.01383626022770956,-1.436102,-6.321,0,-0.09999999999999788,-0.01383626022770956,-0.7548074270636158,-1.6169674952382787,0.5293521575529555,0.6627609560149512,0.9772654417021572,-0.040479273406366104
V176K,1.469678,-0.0129999999999999,0,-1.1999999999999993,-0.05260357288274386,-1.469678,-0.0129999999999999,0,-1.1999999999999993,-0.05260357288274386,-0.794920949572534,0.6861162565688401,0.5293521575529555,-1.0857425417643303,0.48588000678641313,-0.0358630140857311
H177K,1.0519420000000004,-0.585,-0.00183058424063153,0,-0.03457756734124162,-1.0519420000000004,-0.585,-0.00183058424063153,0,-0.03457756734124162,-0.29584832511502307,0.47727606854828336,-1.8730922498027658,0.8217158194494278,0.7143641591862425,-0.031116905546767028
T188K,0.4015529999999998,-0.00599999999999933,0,-0.3999999999999986,-0.2456183821126692,-0.4015529999999998,-0.00599999999999933,0,-0.3999999999999986,-0.2456183821126692,0.4811767460981274,0.6886719931355255,0.5293521575529555,0.18589636571151033,-1.9606312286605396,-0.015106793232484178
T190K,0.32147900000000007,0,0,-0.3999999999999986,-0.2525423787389831,-0.32147900000000007,0,0,-0.3999999999999986,-0.2525423787389831,0.5768418104708667,0.6908626244783982,0.5293521575529555,0.18589636571151033,-2.04839462675449,-0.013088333708151883
V189D,0.4417460000000002,0.03200000000000003,0,-1.6999999999999993,-0.07741202290299587,-0.4417460000000002,0.03200000000000003,0,-1.6999999999999993,-0.07741202290299587,0.4331578394326235,0.7025459916403874,0.5293521575529555,-1.8805168589367298,0.1714266653525445,-0.008806840991643777
T190P,0.3523379999999996,0,0,-0.09999999999999788,-0.285002654320206,-0.3523379999999996,0,0,-0.09999999999999788,-0.285002654320206,0.5399743101401935,0.6908626244783982,0.5293521575529555,0.6627609560149512,-2.4598367810223793,-0.0073773465671761905
H177P,1.546215,0.06300000000000061,-0.00183058424063153,0.3000000000000007,-0.03351059206607587,-1.546215,0.06300000000000061,-0.00183058424063153,0.3000000000000007,-0.03351059206607587,-0.886360331043378,0.7138642535785646,-1.8730922498027658,1.2985804097528688,0.7278883390616196,-0.0038239156906181293
F175K,1.1170400000000005,0,0,-1.2999999999999972,-0.05793110696573089,-1.1170400000000005,0,0,-1.2999999999999972,-0.05793110696573089,-0.373621439490933,0.6908626244783982,0.5293521575529555,-1.244697405198807,0.41835217281732123,0.004049622031787004
T191K,0.2419349999999998,0,0,-0.3999999999999986,-0.2525423787389831,-0.2419349999999998,0,0,-0.3999999999999986,-0.2525423787389831,0.671873679497832,0.6908626244783982,0.5293521575529555,0.18589636571151033,-2.04839462675449,0.005918040097241189
D178R,-0.3024869999999993,-5.821,-0.00183058424063153,0.3000000000000007,-0.03378437108174281,0.3024869999999993,-5.821,-0.00183058424063153,0.3000000000000007,-0.03378437108174281,1.322299106926655,-1.4344148833321977,-1.8730922498027658,1.2985804097528688,0.7244181212035646,0.0075581009496249905
T191P,0.2645660000000003,0,0,-0.09999999999999788,-0.285002654320206,-0.2645660000000003,0,0,-0.09999999999999788,-0.285002654320206,0.6448362382332579,0.6908626244783982,0.5293521575529555,0.6627609560149512,-2.4598367810223793,0.013595039051436686
D178K,-0.19658500000000068,-5.821,-0.00183058424063153,0.4000000000000022,-0.02612593440239008,0.19658500000000068,-5.821,-0.00183058424063153,0.4000000000000022,-0.02612593440239008,1.1957771191753033,-1.4344148833321977,-1.8730922498027658,1.457535273187351,0.8214907316252658,0.03345919817059131
T188P,0.44396900000000095,-0.00499999999999989,0,-0.09999999999999788,-0.25300755416407317,-0.44396900000000095,-0.00499999999999989,0,-0.09999999999999788,-0.25300755416407317,0.43050200310496817,0.6890370983593375,0.5293521575529555,0.6627609560149512,-2.054290842223537,0.05147227456173505
V176P,1.535901,-0.02499999999999946,0,-0.8999999999999986,-0.04907810956975744,-1.535901,-0.02499999999999946,0,-0.8999999999999986,-0.04907810956975744,-0.8740381106729652,0.6817349938830943,0.5293521575529555,-0.6088779514608893,0.5305661406628187,0.05174744599300281
F175P,1.171716,0,0,-1,-0.05343358772549556,-1.171716,0,0,-1,-0.05343358772549556,-0.43894330501087536,0.6908626244783982,0.5293521575529555,-0.7678328148953716,0.47535935996930384,0.09775960441888212
K185E,0.4177110000000006,-5.785,0,-0.1999999999999993,0.01094445845969138,-0.4177110000000006,-5.785,0,-0.1999999999999993,0.01094445845969138,0.4618726510093994,-1.4212710952749599,0.5293521575529555,0.503806092580469,1.2913672815198298,0.2730254174775388
N174R,0.35895600000000094,0,0,0,-0.1788473062090401,-0.35895600000000094,0,0,0,-0.1788473062090401,0.532067731275407,0.6908626244783982,0.5293521575529555,0.8217158194494278,-1.1142910537648671,0.29194145579826425
K185P,0.4746199999999998,-6.321,0,0.3000000000000007,-0.02132064623795193,-0.4746199999999998,-6.321,0,0.3000000000000007,-0.02132064623795193,0.39388300207980725,-1.6169674952382787,0.5293521575529555,1.2985804097528688,0.8823989672718572,0.29744940828384203
T188E,0.4371279999999995,0.03400000000000069,0,-0.5999999999999979,-0.0931827027934109,-0.4371279999999995,0.03400000000000069,0,-0.5999999999999979,-0.0931827027934109,0.43867500189826,0.703276202088012,0.5293521575529555,-0.1320133611574484,-0.02847066737790016,0.30216386660077577
T190E,0.34703400000000073,0.02500000000000035,0,-0.5999999999999979,-0.1008539682634272,-0.34703400000000073,0.02500000000000035,0,-0.5999999999999979,-0.1008539682634272,0.546311042430736,0.6999902550737024,0.5293521575529555,-0.1320133611574484,-0.1257058859467214,0.3035868415906448
K185D,0.09267799999999936,-5.786,0,-0.3999999999999986,0.01812933086497781,-0.09267799999999936,-5.786,0,-0.3999999999999986,0.01812933086497781,0.8501922412417445,-1.421636200498772,0.5293521575529555,0.18589636571151033,1.3824373457025565,0.305248381941999
T191E,0.26023200000000024,0.02500000000000035,0,-0.5999999999999979,-0.09980196484267768,-0.26023200000000024,0.02500000000000035,0,-0.5999999999999979,-0.09980196484267768,0.6500141035702144,0.6999902550737024,0.5293521575529555,-0.1320133611574484,-0.11237147809034602,0.3269943353898156
N174D,0.4204270000000001,0.02500000000000035,0,-0.29999999999999716,-0.12067876727593208,-0.4204270000000001,0.02500000000000035,0,-0.29999999999999716,-0.12067876727593208,0.4586278235393553,0.6999902550737024,0.5293521575529555,0.34485122914599253,-0.37699019785044796,0.33116625349231155
T188D,0.4144319999999997,0.03100000000000058,0,-0.7999999999999972,-0.05592874017501159,-0.4144319999999997,0.03100000000000058,0,-0.7999999999999972,-0.05592874017501159,0.4657900991958058,0.7021808864165754,0.5293521575529555,-0.4499230880264071,0.4437326753317422,0.33822654609413433
T190D,0.33017500000000055,0.02500000000000035,0,-0.7999999999999972,-0.06360000564502788,-0.33017500000000055,0.02500000000000035,0,-0.7999999999999972,-0.06360000564502788,0.5664526279673651,0.6999902550737024,0.5293521575529555,-0.4499230880264071,0.34649745676292115,0.3384738818661074
N174K,0.3719149999999995,0,0,0.20000000000000284,-0.1789506532695493,-0.3719149999999995,0,0,0.20000000000000284,-0.1789506532695493,0.5165855077171209,0.6908626244783982,0.5293521575529555,1.1396255463183922,-1.1156010037407,0.3521649664652333
N174E,0.4408209999999997,0.02500000000000035,0,-0.09999999999999788,-0.13554625745871762,-0.4408209999999997,0.02500000000000035,0,-0.09999999999999788,-0.13554625745871762,0.43426294451723063,0.6999902550737024,0.5293521575529555,0.6627609560149512,-0.5654393739535772,0.3521853878410525
T191D,0.2492979999999996,0.02500000000000035,0,-0.7999999999999972,-0.06295778287869724,-0.2492979999999996,0.02500000000000035,0,-0.7999999999999972,-0.06295778287869724,0.6630770430243643,0.6999902550737024,0.5293521575529555,-0.4499230880264071,0.35463779179605354,0.3594268318841337
N173R,0.1541490000000003,0,0,0,-0.17023300262050123,-0.1541490000000003,0,0,0,-0.17023300262050123,0.7767523335056907,0.6908626244783982,0.5293521575529555,0.8217158194494278,-1.005102589941834,0.36271606900892767
T192R,0.16107900000000086,0,0,-0.5,-0.1006319342431774,-0.16107900000000086,0,0,-0.5,-0.1006319342431774,0.7684730056826379,0.6908626244783982,0.5293521575529555,0.026941502277028132,-0.12289154891548616,0.3785475482151067
N173D,0.17835299999999954,0.02500000000000035,0,-0.29999999999999716,-0.11756006743470336,-0.17835299999999954,0.02500000000000035,0,-0.29999999999999716,-0.11756006743470336,0.7478356162431871,0.6999902550737024,0.5293521575529555,0.34485122914599253,-0.3374598932484645,0.3969138729534746
Q186E,0.3773250000000008,-3.3859999999999997,0,-0.09999999999999788,-0.01458749051271135,-0.3773250000000008,-3.3859999999999997,0,-0.09999999999999788,-0.01458749051271135,0.5101221363574205,-0.5453836633495828,0.5293521575529555,0.6627609560149512,0.9677434089628169,0.42491899910771225
Q172R,-0.00908500000000067,0,0,0,-0.16101490644287475,0.00908500000000067,0,0,0,-0.16101490644287475,0.9717693317550585,0.6908626244783982,0.5293521575529555,0.8217158194494278,-0.8882609032444733,0.42508780599827334
N173K,0.1588510000000003,0,0,0.20000000000000284,-0.17026375951656714,-0.1588510000000003,0,0,0.20000000000000284,-0.17026375951656714,0.7711348155512908,0.6908626244783982,0.5293521575529555,1.1396255463183922,-1.0054924413324757,0.4250965405137122
N173E,0.18331799999999987,0.02500000000000035,0,-0.09999999999999788,-0.12913346689100935,-0.18331799999999987,0.02500000000000035,0,-0.09999999999999788,-0.12913346689100935,0.7419038900322986,0.6999902550737024,0.5293521575529555,0.6627609560149512,-0.4841556411816668,0.42997032349844816
N174P,0.46474500000000063,0,0,0.5,-0.17564065720762112,-0.46474500000000063,0,0,0.5,-0.17564065720762112,0.40568074555060585,0.6908626244783982,0.5293521575529555,1.6164901366218276,-1.0736459714449869,0.4337479385517601
T192K,0.1644369999999995,0,0,-0.3999999999999986,-0.08694614412303159,-0.1644369999999995,0,0,-0.3999999999999986,-0.08694614412303159,0.7644611755484678,0.6908626244783982,0.5293521575529555,0.18589636571151033,0.050579281786526424,0.44423032101557164
Q172D,0.00499699999999947,0.02500000000000035,0,-0.29999999999999716,-0.11086216158895712,-0.00499699999999947,0.02500000000000035,0,-0.29999999999999716,-0.11086216158895712,0.9549454508886482,0.6999902550737024,0.5293521575529555,0.34485122914599253,-0.2525622526427435,0.45531536800371103
T192D,0.16903699999999944,0.02500000000000035,0,-0.7999999999999972,-0.032462589469046343,-0.16903699999999944,0.02500000000000035,0,-0.7999999999999972,-0.032462589469046343,0.7589655178304245,0.6999902550737024,0.5293521575529555,-0.4499230880264071,0.7411720354714432,0.4559113755804237
Q172K,-0.00380499999999983,0,0,0.10000000000000142,-0.1596129482455504,0.00380499999999983,0,0,0.10000000000000142,-0.1596129482455504,0.9654612724613034,0.6908626244783982,0.5293521575529555,0.98067068288391,-0.8704907306081592,0.4591712013536816
Q186D,0.03770399999999974,-3.3869999999999996,0,-0.29999999999999716,-0.00739483821831943,-0.03770399999999974,-3.3869999999999996,0,-0.29999999999999716,-0.00739483821831943,0.9158701298051602,-0.5457487685733948,0.5293521575529555,0.34485122914599253,1.0589120851960023,0.46064736662534317
Q172E,0.02202400000000004,0.02500000000000035,0,-0.09999999999999788,-0.1239870938332086,-0.02202400000000004,0.02500000000000035,0,-0.09999999999999788,-0.1239870938332086,0.9346031543744902,0.6999902550737024,0.5293521575529555,0.6627609560149512,-0.4189240687549489,0.48155649085223007
T192P,0.17853799999999964,0,0,-0.09999999999999788,-0.10252139427875472,-0.17853799999999964,0,0,-0.09999999999999788,-0.10252139427875472,0.7476145952262656,0.6908626244783982,0.5293521575529555,0.6627609560149512,-0.14684092992107176,0.49674988067029974
T192E,0.17682600000000015,0.02500000000000035,0,-0.5999999999999979,-0.03955762931963769,-0.17682600000000015,0.02500000000000035,0,-0.5999999999999979,-0.03955762931963769,0.7496599356639368,0.6999902550737024,0.5293521575529555,-0.1320133611574484,0.6512406215054916,0.4996459217277276
T193D,0.08788499999999999,0.02500000000000035,0,-0.7999999999999972,-0.022206191110403,-0.08788499999999999,0.02500000000000035,0,-0.7999999999999972,-0.022206191110403,0.855918477642305,0.6999902550737024,0.5293521575529555,-0.4499230880264071,0.8711744633667545,0.5013024531218621
S170D,0.00606100000000076,0.02500000000000035,0,-0.7999999999999972,-0.02967676090873494,-0.00606100000000076,0.02500000000000035,0,-0.7999999999999972,-0.02967676090873494,0.9536742813642993,0.6999902550737024,0.5293521575529555,-0.4499230880264071,0.7764831128961392,0.5019153437721379
T193R,0.08356900000000067,0,0,-0.5,-0.05693360936774405,-0.08356900000000067,0,0,-0.5,-0.05693360936774405,0.8610748382316683,0.6908626244783982,0.5293521575529555,0.026941502277028132,0.4309957056661354,0.5078453656412371
N173P,0.19335900000000095,0,0,0.5,-0.1601839797554535,-0.19335900000000095,0,0,0.5,-0.1601839797554535,0.7299078250003683,0.6908626244783982,0.5293521575529555,1.6164901366218276,-0.8777286985669184,0.5377768090173263
Q186R,-0.1332299999999993,-3.0929999999999995,0,0,-0.03464674424201353,0.1332299999999993,-3.0929999999999995,0,0,-0.03464674424201353,1.1200863811912505,-0.43840783277261913,0.5293521575529555,0.8217158194494278,0.7134873245762605,0.549246769999455
H187R,0.36957800000000063,-0.00999999999999978,0,-0.09999999999999788,-0.06351340257058047,-0.36957800000000063,-0.00999999999999978,0,-0.09999999999999788,-0.06351340257058047,0.5193775407795255,0.6872115722402766,0.5293521575529555,0.6627609560149512,0.34759517250558963,0.5492594798186596
N171D,0.01412799999999947,0.02500000000000035,0,-0.29999999999999716,-0.07137318072714793,-0.01412799999999947,0.02500000000000035,0,-0.29999999999999716,-0.07137318072714793,0.9440365703183322,0.6999902550737024,0.5293521575529555,0.34485122914599253,0.24797050823821412,0.5532401440658393
T193E,0.0905970000000007,0.02500000000000035,0,-0.5999999999999979,-0.02517076117294259,-0.0905970000000007,0.02500000000000035,0,-0.5999999999999979,-0.02517076117294259,0.8526784290050577,0.6999902550737024,0.5293521575529555,-0.1320133611574484,0.833597792461503,0.556721054587154
T193K,0.08536499999999947,0,0,-0.3999999999999986,-0.04937074595605639,-0.08536499999999947,0,0,-0.3999999999999986,-0.04937074595605639,0.8589291423052337,0.6908626244783982,0.5293521575529555,0.18589636571151033,0.5268569008908168,0.5583794381877829
S170E,0.00472700000000081,0.02500000000000035,0,-0.5999999999999979,-0.03169653408438999,-0.00472700000000081,0.02500000000000035,0,-0.5999999999999979,-0.03169653408438999,0.9552680221025318,0.6999902550737024,0.5293521575529555,-0.1320133611574484,0.7508819800762835,0.560695810729605
Q172P,0.02550000000000096,0,0,0.4000000000000022,-0.1525609540324352,-0.02550000000000096,0,0,0.4000000000000022,-0.1525609540324352,0.9304503486727677,0.6908626244783982,0.5293521575529555,1.457535273187351,-0.7811049309199022,0.565419094594314
Q186K,-0.06218400000000024,-3.0919999999999996,0,0.10000000000000142,-0.03306437641723891,0.06218400000000024,-3.0919999999999996,0,0.10000000000000142,-0.03306437641723891,1.0352071424442717,-0.438042727548807,0.5293521575529555,0.98067068288391,0.7335442345997255,0.5681462979864111
S170R,0.00543399999999927,0,0,-0.5,-0.03645627394972528,-0.00543399999999927,0,0,-0.5,-0.03645627394972528,0.9544233634054344,0.6908626244783982,0.5293521575529555,0.026941502277028132,0.6905510805727332,0.5784261456573099
H187D,0.4045760000000005,0.02600000000000069,0,-0.3999999999999986,-0.00841171233179194,-0.4045760000000005,0.02600000000000069,0,-0.3999999999999986,-0.00841171233179194,0.47756514321081245,0.7003553602975147,0.5293521575529555,0.18589636571151033,1.0460229501416962,0.5878383953828978
H187K,0.3841090000000005,-0.01499999999999968,0,0,-0.05739047586212231,-0.3841090000000005,-0.01499999999999968,0,0,-0.05739047586212231,0.5020172359315066,0.6853860461212159,0.5293521575529555,0.8217158194494278,0.42520480798292076,0.5927352134076054
N171R,0.00844299999999975,0,0,0,-0.09096038112368576,-0.00844299999999975,0,0,0,-0.09096038112368576,0.9508284864329137,0.6908626244783982,0.5293521575529555,0.8217158194494278,-3.021814702560054e-4,0.5984913812886878
N171E,0.01290099999999938,0.02500000000000035,0,-0.09999999999999788,-0.07635839873049477,-0.01290099999999938,0.02500000000000035,0,-0.09999999999999788,-0.07635839873049477,0.9455024772792104,0.6999902550737024,0.5293521575529555,0.6627609560149512,0.1847816166448663,0.6044774925131372
H187E,0.4398780000000002,0.03900000000000059,0,-0.1999999999999993,-0.01620500288598114,-0.4398780000000002,0.03900000000000059,0,-0.1999999999999993,-0.01620500288598114,0.4353895543494289,0.7051017282070727,0.5293521575529555,0.503806092580469,0.9472410329510106,0.6241781131281874
T193P,0.09246800000000022,0,0,-0.09999999999999788,-0.05767406964535426,-0.09246800000000022,0,0,-0.09999999999999788,-0.05767406964535426,0.8504431299636541,0.6908626244783982,0.5293521575529555,0.6627609560149512,0.4216101854783161,0.631005810697655
S170K,0.00560899999999975,0,0,-0.29999999999999716,-0.03581695131918627,-0.00560899999999975,0,0,-0.29999999999999716,-0.03581695131918627,0.9542142894705082,0.6908626244783982,0.5293521575529555,0.34485122914599253,0.6986546556555445,0.6435869912606798
H187P,0.4455430000000007,0.00100000000000033,0,0.3000000000000007,-0.06511027166354155,-0.4455430000000007,0.00100000000000033,0,0.3000000000000007,-0.06511027166354155,0.428621532398838,0.6912277297022105,0.5293521575529555,1.2985804097528688,0.32735445526190177,0.655027256933755
D178E,0.9266550000000002,0.00100000000000033,0,0.20000000000000284,-0.00558222573041766,-0.9266550000000002,0.00100000000000033,0,0.20000000000000284,-0.00558222573041766,-0.1461669189149151,0.6912277297022105,0.5293521575529555,1.1396255463183922,1.0818874042135216,0.6591851837744329
N171K,0.00910400000000066,0,0,0.20000000000000284,-0.09044389501407124,-0.00910400000000066,0,0,0.20000000000000284,-0.09044389501407124,0.9500387843129938,0.6908626244783982,0.5293521575529555,1.1396255463183922,0.00624440982585013,0.663224704497718
S170P,0.00802000000000013,0,0,0,-0.03275870488289956,-0.00802000000000013,0,0,0,-0.03275870488289956,0.9513338480013334,0.6908626244783982,0.5293521575529555,0.8217158194494278,0.7374186981504818,0.7461366295265194
K185R,-0.06341800000000042,0.00200000000000066,0,-0.1999999999999993,-0.01270198357623597,0.06341800000000042,0.00200000000000066,0,-0.1999999999999993,-0.01270198357623597,1.036681412362547,0.6915928349260227,0.5293521575529555,0.503806092580469,0.9916426834433834,0.7506150361730756
Q186P,0.44490500000000033,0.01100000000000012,0,0.4000000000000022,-0.03547414404272819,-0.44490500000000033,0.01100000000000012,0,0.4000000000000022,-0.03547414404272819,0.429383756230167,0.694878781940332,0.5293521575529555,1.457535273187351,0.7029998240744537,0.7628299585970518
N171P,0.01601499999999944,0,0,0.5,-0.08690953646536415,-0.01601499999999944,0,0,0.5,-0.08690953646536415,0.9417821559457349,0.6908626244783982,0.5293521575529555,1.6164901366218276,0.05104329305148644,0.7659060735300806
