mutation,min_energy,mean_energy,delta_energy,effect
D178R,-8.803854,-8.373078076923077,-0.3024869999999993,Increased Amyloidogenicity
D178K,-8.697952,-8.2499435,-0.19658500000000068,Increased Amyloidogenicity
Q186R,-8.634597,-8.130728346153846,-0.1332299999999993,Increased Amyloidogenicity
K185R,-8.564785,-8.026622269230769,-0.06341800000000042,Increased Amyloidogenicity
Q186K,-8.563551,-8.02782196153846,-0.06218400000000024,Increased Amyloidogenicity
Q172R,-8.510452,-7.963721769230769,-0.009085000000000676,Increased Amyloidogenicity
Q172K,-8.505172,-7.948292846153846,-0.0038049999999998363,Increased Amyloidogenicity
S170E,-8.49664,-7.900719961538462,0.004727000000000814,Reduced Amyloidogenicity
Q172D,-8.49637,-7.916305115384615,0.004996999999999474,Reduced Amyloidogenicity
S170R,-8.495933,-7.893627653846154,0.005433999999999273,Reduced Amyloidogenicity
S170K,-8.495758,-7.8912703461538465,0.005608999999999753,Reduced Amyloidogenicity
S170D,-8.495306,-7.884794346153846,0.00606100000000076,Reduced Amyloidogenicity
S170P,-8.493347,-7.797042307692307,0.008020000000000138,Reduced Amyloidogenicity
N171R,-8.492924,-7.894026153846154,0.008442999999999756,Reduced Amyloidogenicity
N171K,-8.492263,-7.887637384615385,0.009104000000000667,Reduced Amyloidogenicity
N171E,-8.488466,-7.839433307692308,0.012900999999999385,Reduced Amyloidogenicity
N171D,-8.487239,-7.819764538461539,0.014127999999999474,Reduced Amyloidogenicity
N171P,-8.485352,-7.739487846153846,0.016014999999999446,Reduced Amyloidogenicity
Q172E,-8.479343,-7.7911850000000005,0.022024000000000044,Reduced Amyloidogenicity
Q172P,-8.475867,-7.627201576923077,0.025500000000000966,Reduced Amyloidogenicity
Q186D,-8.463663,-7.857158115384616,0.03770399999999974,Reduced Amyloidogenicity
T193R,-8.417798,-7.760146038461539,0.08356900000000067,Reduced Amyloidogenicity
T193K,-8.416002,-7.7391221923076925,0.08536499999999947,Reduced Amyloidogenicity
T193D,-8.413482,-7.657008730769231,0.08788499999999999,Reduced Amyloidogenicity
T193E,-8.41077,-7.689810192307692,0.0905970000000007,Reduced Amyloidogenicity
T193P,-8.408899,-7.526074038461538,0.09246800000000022,Reduced Amyloidogenicity
K185D,-8.408689,-7.787916423076923,0.09267799999999937,Reduced Amyloidogenicity
N173R,-8.347218,-7.745857576923076,0.1541490000000003,Reduced Amyloidogenicity
N173K,-8.342516,-7.730925961538461,0.1588510000000003,Reduced Amyloidogenicity
T192R,-8.340288,-7.593080692307693,0.16107900000000086,Reduced Amyloidogenicity
T192K,-8.33693,-7.5635425,0.1644369999999995,Reduced Amyloidogenicity
T192D,-8.33233,-7.503879423076923,0.16903699999999944,Reduced Amyloidogenicity
T192E,-8.324541,-7.4258755,0.17682600000000015,Reduced Amyloidogenicity
N173D,-8.323014,-7.600520346153846,0.17835299999999954,Reduced Amyloidogenicity
T192P,-8.322829,-7.270227115384615,0.17853799999999964,Reduced Amyloidogenicity
N173E,-8.318049,-7.617712153846154,0.18331799999999987,Reduced Amyloidogenicity
N173P,-8.308008,-7.402379846153846,0.19335900000000095,Reduced Amyloidogenicity
T191R,-8.264865,-7.515801153846153,0.23650199999999977,Reduced Amyloidogenicity
T191K,-8.259432,-7.479624192307693,0.2419349999999998,Reduced Amyloidogenicity
T191D,-8.252069,-7.3660904615384615,0.24929799999999958,Reduced Amyloidogenicity
T191E,-8.241135,-7.326393615384616,0.26023200000000024,Reduced Amyloidogenicity
T191P,-8.236801,-7.0887023461538465,0.2645660000000003,Reduced Amyloidogenicity
T190R,-8.186657,-7.354094961538461,0.3147099999999998,Reduced Amyloidogenicity
T190K,-8.179888,-7.309398192307692,0.32147900000000007,Reduced Amyloidogenicity
T190D,-8.171192,-7.232889192307693,0.33017500000000055,Reduced Amyloidogenicity
T190E,-8.154333,-7.128194192307692,0.34703400000000073,Reduced Amyloidogenicity
T190P,-8.149029,-6.879062538461539,0.3523379999999996,Reduced Amyloidogenicity
N174R,-8.142411,-7.583541384615384,0.35895600000000094,Reduced Amyloidogenicity
H187R,-8.131789,-7.392718461538461,0.36957800000000063,Reduced Amyloidogenicity
N174K,-8.129452,-7.557865576923077,0.37191499999999955,Reduced Amyloidogenicity
Q186E,-8.124042,-7.300026384615385,0.3773250000000008,Reduced Amyloidogenicity
H187K,-8.117258,-7.329993961538461,0.3841090000000005,Reduced Amyloidogenicity
T188R,-8.111242,-7.2280605,0.3901249999999994,Reduced Amyloidogenicity
T188K,-8.099814,-7.1652752692307695,0.4015529999999998,Reduced Amyloidogenicity
H187D,-8.096791,-7.146944923076923,0.4045760000000005,Reduced Amyloidogenicity
T188D,-8.086935,-7.0508630384615385,0.4144319999999997,Reduced Amyloidogenicity
K185E,-8.083656,-7.226075230769231,0.4177110000000006,Reduced Amyloidogenicity
N174D,-8.08094,-7.370755692307692,0.4204270000000001,Reduced Amyloidogenicity
T188E,-8.064239,-6.867402,0.4371279999999995,Reduced Amyloidogenicity
V189R,-8.06325,-6.894427192307692,0.4381170000000001,Reduced Amyloidogenicity
V189K,-8.061895,-6.836842076923077,0.4394720000000003,Reduced Amyloidogenicity
H187E,-8.061489,-6.902962615384616,0.4398780000000002,Reduced Amyloidogenicity
N174E,-8.060546,-7.371792846153847,0.4408209999999997,Reduced Amyloidogenicity
V189E,-8.05992,-6.675213346153846,0.44144700000000014,Reduced Amyloidogenicity
V189D,-8.059621,-6.543752192307692,0.4417460000000002,Reduced Amyloidogenicity
V189P,-8.059013,-6.369818923076923,0.4423539999999999,Reduced Amyloidogenicity
T188P,-8.057398,-6.463166692307692,0.44396900000000095,Reduced Amyloidogenicity
Q186P,-8.056462,-6.744423038461538,0.44490500000000033,Reduced Amyloidogenicity
H187P,-8.055824,-6.555831192307692,0.4455430000000007,Reduced Amyloidogenicity
N174P,-8.036622,-7.0660680000000005,0.46474500000000063,Reduced Amyloidogenicity
K185P,-8.026747,-6.751502884615385,0.4746199999999998,Reduced Amyloidogenicity
N181R,-7.626856,-7.260025461538461,0.874511,Reduced Amyloidogenicity
D178E,-7.574712,-7.0699876153846155,0.9266550000000002,Reduced Amyloidogenicity
N181K,-7.555372,-7.193868461538462,0.9459949999999999,Reduced Amyloidogenicity
H177R,-7.509514,-6.938130038461538,0.9918529999999999,Reduced Amyloidogenicity
H177K,-7.449425,-6.868796769230769,1.0519420000000004,Reduced Amyloidogenicity
F175R,-7.396291,-6.653903807692307,1.1050760000000004,Reduced Amyloidogenicity
F175K,-7.384327,-6.612914653846154,1.1170400000000003,Reduced Amyloidogenicity
F175D,-7.368187,-6.548329538461538,1.1331800000000003,Reduced Amyloidogenicity
H177D,-7.360116,-6.764670461538461,1.1412510000000005,Reduced Amyloidogenicity
C179E,-7.343149,-7.000438730769231,1.1582179999999997,Reduced Amyloidogenicity
F175E,-7.336383,-6.366515346153846,1.1649840000000005,Reduced Amyloidogenicity
F175P,-7.329651,-6.112747653846154,1.171716,Reduced Amyloidogenicity
C179R,-7.324741,-6.797484346153846,1.1766259999999997,Reduced Amyloidogenicity
C179K,-7.270846,-6.754157538461539,1.2305210000000004,Reduced Amyloidogenicity
T183R,-7.234188,-6.749784961538461,1.2671790000000005,Reduced Amyloidogenicity
C179D,-7.168758,-6.647335730769231,1.3326089999999997,Reduced Amyloidogenicity
T183K,-7.144563,-6.650928230769231,1.3568040000000003,Reduced Amyloidogenicity
N181D,-7.123077,-6.686731653846154,1.3782899999999998,Reduced Amyloidogenicity
N181E,-7.065265,-6.787615538461538,1.436102,Reduced Amyloidogenicity
V176R,-7.039764,-6.351405384615385,1.4616030000000002,Reduced Amyloidogenicity
H177E,-7.034683,-6.259006846153846,1.4666839999999999,Reduced Amyloidogenicity
V176K,-7.031689,-6.325490961538462,1.469678,Reduced Amyloidogenicity
T183D,-6.999537,-6.472936038461539,1.50183,Reduced Amyloidogenicity
V176E,-6.990061,-6.131687538461539,1.5113060000000003,Reduced Amyloidogenicity
D178P,-6.989985,-6.152762115384616,1.5113820000000002,Reduced Amyloidogenicity
V176D,-6.981401,-6.024147730769231,1.5199660000000002,Reduced Amyloidogenicity
V176P,-6.965466,-5.6911196923076925,1.535901,Reduced Amyloidogenicity
H177P,-6.955152,-5.713330961538461,1.5462150000000001,Reduced Amyloidogenicity
C179P,-6.601343,-5.434702384615385,1.9000240000000002,Reduced Amyloidogenicity
I184R,-6.467535,-5.904745192307693,2.0338320000000003,Reduced Amyloidogenicity
I184K,-6.439159,-5.854381884615385,2.062208,Reduced Amyloidogenicity
I184E,-6.426008,-5.904789576923077,2.0753589999999997,Reduced Amyloidogenicity
I184D,-6.39925,-5.722365769230769,2.102117,Reduced Amyloidogenicity
T183E,-6.354751,-5.9372303461538465,2.146616,Reduced Amyloidogenicity
I184P,-6.354661,-5.508175807692307,2.146706,Reduced Amyloidogenicity
I182R,-6.182541,-5.652025384615385,2.3188260000000005,Reduced Amyloidogenicity
I182K,-6.13454,-5.5983768846153845,2.366827,Reduced Amyloidogenicity
V180R,-6.105683,-5.5025042307692305,2.395684,Reduced Amyloidogenicity
V180K,-6.073999,-5.426562615384616,2.4273680000000004,Reduced Amyloidogenicity
T183P,-6.000034,-5.407341692307693,2.501333,Reduced Amyloidogenicity
V180E,-5.967761,-5.040655961538461,2.533606,Reduced Amyloidogenicity
V180D,-5.966952,-5.233619923076923,2.534415,Reduced Amyloidogenicity
N181P,-5.9534,-5.305847807692308,2.547967,Reduced Amyloidogenicity
I182E,-5.910215,-5.2080308461538465,2.591152,Reduced Amyloidogenicity
V180P,-5.904568,-4.77257273076923,2.596799,Reduced Amyloidogenicity
I182D,-5.831503,-5.21517573076923,2.6698640000000005,Reduced Amyloidogenicity
I182P,-5.712744,-4.814085653846154,2.7886230000000003,Reduced Amyloidogenicity
