Protein name;Best Energy
abeta39_A21G;-5.549666
abeta39_A21S;-5.549666
abeta39_A21T;-5.549666
abeta39_A2G;-5.549666
abeta39_A2T;-5.549666
abeta39_A2V;-5.549666
abeta39_A30V;-7.553852
abeta39_D23N;-5.549666
abeta39_D7E;-5.549666
abeta39_D7H;-5.549666
abeta39_D7N;-5.549666
abeta39_E11K;-5.549666
abeta39_E22D;-5.549666
abeta39_E22G;-5.549666
abeta39_E22K;-5.549666
abeta39_E22Q;-5.549666
abeta39_E3;-5.549666
abeta39_E3G;-5.549666
abeta39_E3K;-5.549666
abeta39_E3Q;-5.549666
abeta39_F19L;-5.549666
abeta39_F20L;-5.549666
abeta39_F4I;-5.549666
abeta39_G25D;-5.549666
abeta39_G25S;-5.549666
abeta39_G33R;-5.635418
abeta39_G38C;-6.289365
abeta39_G38S;-5.552973
abeta39_G38V;-8.223070
abeta39_G9A;-5.549666
abeta39_G9E;-5.549666
abeta39_G9V;-5.549666
abeta39_H13L;-5.549666
abeta39_H13P;-5.549666
abeta39_H14R;-5.549666
abeta39_H6Q;-5.549666
abeta39_H6R;-5.549666
abeta39_I31M;-4.539370
abeta39_I31V;-5.581302
abeta39_I32V;-5.581302
abeta39_K16N;-5.549666
abeta39_K16R;-5.549666
abeta39_K28R;-5.549666
abeta39_L17V;-5.786837
abeta39_L34V;-6.797133
abeta39_M35T;-5.451777
abeta39_Q15E;-5.549666
abeta39_R5;-5.549666
abeta39_R5L;-5.549666
abeta39_R5P;-5.549666
abeta39_R5Q;-5.549666
abeta39_V12I;-5.549666
abeta39_V18M;-5.549666
abeta39_V24A;-5.549666
abeta39_V24G;-5.549666
abeta39_V24M;-5.549666
abeta39_V36M;-4.539370
abeta39_V39I;-5.549666
abeta39_WT;-5.549666